engine_id,actual_rul,pred_rul,high_risk,true_risk
81,210,158.7,0,0
81,209,159.1,0,0
81,208,157.3,0,0
81,207,160.4,0,0
81,206,156.9,0,0
81,205,162.2,0,0
81,204,161.0,0,0
81,203,160.4,0,0
81,202,153.0,0,0
81,201,153.1,0,0
81,200,152.7,0,0
81,199,153.9,0,0
81,198,145.3,0,0
81,197,144.3,0,0
81,196,147.6,0,0
81,195,147.5,0,0
81,194,152.9,0,0
81,193,151.6,0,0
81,192,151.7,0,0
81,191,142.8,0,0
81,190,142.2,0,0
81,189,156.6,0,0
81,188,161.5,0,0
81,187,157.2,0,0
81,186,161.6,0,0
81,185,151.5,0,0
81,184,146.8,0,0
81,183,153.0,0,0
81,182,152.1,0,0
81,181,159.2,0,0
81,180,157.3,0,0
81,179,154.7,0,0
81,178,147.9,0,0
81,177,152.4,0,0
81,176,139.1,0,0
81,175,140.4,0,0
81,174,159.5,0,0
81,173,149.6,0,0
81,172,159.4,0,0
81,171,153.1,0,0
81,170,156.2,0,0
81,169,153.5,0,0
81,168,151.1,0,0
81,167,149.9,0,0
81,166,147.7,0,0
81,165,150.4,0,0
81,164,144.9,0,0
81,163,153.4,0,0
81,162,150.0,0,0
81,161,158.2,0,0
81,160,146.7,0,0
81,159,142.1,0,0
81,158,147.5,0,0
81,157,149.5,0,0
81,156,155.3,0,0
81,155,154.9,0,0
81,154,143.0,0,0
81,153,148.6,0,0
81,152,145.8,0,0
81,151,146.5,0,0
81,150,144.3,0,0
81,149,143.1,0,0
81,148,145.5,0,0
81,147,148.3,0,0
81,146,148.5,0,0
81,145,154.3,0,0
81,144,148.5,0,0
81,143,147.8,0,0
81,142,146.3,0,0
81,141,135.8,0,0
81,140,134.2,0,0
81,139,137.9,0,0
81,138,131.1,0,0
81,137,137.5,0,0
81,136,133.8,0,0
81,135,128.0,0,0
81,134,122.1,0,0
81,133,125.2,0,0
81,132,129.2,0,0
81,131,126.3,0,0
81,130,128.3,0,0
81,129,117.9,0,0
81,128,125.3,0,0
81,127,132.0,0,0
81,126,123.9,0,0
81,125,119.8,0,0
81,124,115.3,0,0
81,123,112.6,0,0
81,122,115.9,0,0
81,121,110.0,0,0
81,120,109.0,0,0
81,119,107.3,0,0
81,118,103.8,0,0
81,117,98.1,0,0
81,116,104.0,0,0
81,115,99.8,0,0
81,114,95.7,0,0
81,113,96.7,0,0
81,112,96.6,0,0
81,111,94.7,0,0
81,110,92.9,0,0
81,109,88.2,0,0
81,108,94.7,0,0
81,107,86.4,0,0
81,106,94.1,0,0
81,105,95.0,0,0
81,104,95.4,0,0
81,103,94.7,0,0
81,102,99.8,0,0
81,101,93.1,0,0
81,100,88.4,0,0
81,99,89.2,0,0
81,98,80.3,0,0
81,97,76.5,0,0
81,96,76.0,0,0
81,95,75.2,0,0
81,94,64.2,0,0
81,93,68.2,0,0
81,92,65.2,0,0
81,91,61.7,0,0
81,90,65.0,0,0
81,89,63.2,0,0
81,88,66.5,0,0
81,87,65.5,0,0
81,86,73.4,0,0
81,85,67.4,0,0
81,84,73.3,0,0
81,83,67.6,0,0
81,82,65.5,0,0
81,81,63.5,0,0
81,80,63.9,0,0
81,79,63.1,0,0
81,78,65.7,0,0
81,77,67.9,0,0
81,76,63.5,0,0
81,75,58.1,0,0
81,74,56.5,0,0
81,73,54.1,0,0
81,72,51.4,0,0
81,71,46.3,0,0
81,70,45.7,0,0
81,69,47.1,0,0
81,68,46.9,0,0
81,67,49.1,0,0
81,66,46.5,0,0
81,65,46.6,0,0
81,64,45.8,0,0
81,63,45.1,0,0
81,62,39.5,0,0
81,61,40.9,0,0
81,60,39.7,0,0
81,59,39.4,0,0
81,58,40.0,0,0
81,57,39.5,0,0
81,56,41.1,0,0
81,55,40.6,0,0
81,54,40.9,0,0
81,53,44.2,0,0
81,52,41.8,0,0
81,51,42.3,0,0
81,50,42.6,0,0
81,49,40.4,0,0
81,48,43.3,0,0
81,47,44.8,0,0
81,46,37.5,0,0
81,45,38.9,0,0
81,44,36.4,0,0
81,43,32.9,0,0
81,42,32.7,0,0
81,41,28.0,1,0
81,40,29.1,1,0
81,39,27.6,1,0
81,38,28.3,1,0
81,37,28.3,1,0
81,36,29.5,1,0
81,35,30.2,0,0
81,34,27.8,1,0
81,33,24.0,1,0
81,32,25.4,1,0
81,31,30.2,0,0
81,30,28.3,1,0
81,29,26.7,1,1
81,28,26.6,1,1
81,27,22.5,1,1
81,26,22.0,1,1
81,25,21.4,1,1
81,24,17.0,1,1
81,23,15.1,1,1
81,22,15.4,1,1
81,21,15.0,1,1
81,20,18.5,1,1
81,19,18.6,1,1
81,18,18.8,1,1
81,17,14.7,1,1
81,16,15.1,1,1
81,15,14.1,1,1
81,14,15.5,1,1
81,13,13.2,1,1
81,12,16.5,1,1
81,11,14.8,1,1
81,10,15.8,1,1
81,9,16.4,1,1
81,8,12.8,1,1
81,7,12.8,1,1
81,6,15.8,1,1
81,5,13.3,1,1
81,4,10.6,1,1
81,3,7.2,1,1
81,2,7.4,1,1
81,1,4.5,1,1
81,0,4.0,1,1
82,184,165.8,0,0
82,183,160.0,0,0
82,182,160.0,0,0
82,181,156.4,0,0
82,180,145.2,0,0
82,179,155.8,0,0
82,178,145.8,0,0
82,177,143.4,0,0
82,176,143.7,0,0
82,175,141.2,0,0
82,174,133.5,0,0
82,173,139.0,0,0
82,172,135.1,0,0
82,171,137.0,0,0
82,170,142.2,0,0
82,169,141.2,0,0
82,168,140.7,0,0
82,167,140.5,0,0
82,166,135.0,0,0
82,165,138.0,0,0
82,164,132.1,0,0
82,163,138.4,0,0
82,162,147.5,0,0
82,161,141.1,0,0
82,160,142.2,0,0
82,159,144.0,0,0
82,158,145.6,0,0
82,157,147.6,0,0
82,156,149.8,0,0
82,155,154.2,0,0
82,154,149.6,0,0
82,153,144.9,0,0
82,152,147.6,0,0
82,151,150.8,0,0
82,150,150.6,0,0
82,149,153.1,0,0
82,148,147.7,0,0
82,147,144.4,0,0
82,146,148.9,0,0
82,145,132.9,0,0
82,144,136.7,0,0
82,143,137.5,0,0
82,142,136.9,0,0
82,141,145.8,0,0
82,140,146.3,0,0
82,139,142.1,0,0
82,138,139.1,0,0
82,137,137.5,0,0
82,136,132.5,0,0
82,135,135.3,0,0
82,134,137.8,0,0
82,133,135.9,0,0
82,132,134.4,0,0
82,131,137.1,0,0
82,130,133.9,0,0
82,129,131.7,0,0
82,128,131.8,0,0
82,127,132.5,0,0
82,126,136.0,0,0
82,125,135.1,0,0
82,124,132.6,0,0
82,123,137.9,0,0
82,122,137.8,0,0
82,121,139.4,0,0
82,120,135.0,0,0
82,119,131.5,0,0
82,118,140.1,0,0
82,117,141.0,0,0
82,116,139.4,0,0
82,115,140.5,0,0
82,114,134.3,0,0
82,113,133.9,0,0
82,112,130.7,0,0
82,111,125.3,0,0
82,110,125.9,0,0
82,109,120.0,0,0
82,108,122.6,0,0
82,107,127.7,0,0
82,106,130.9,0,0
82,105,130.4,0,0
82,104,125.3,0,0
82,103,115.9,0,0
82,102,110.2,0,0
82,101,110.0,0,0
82,100,109.1,0,0
82,99,111.1,0,0
82,98,111.3,0,0
82,97,109.5,0,0
82,96,108.3,0,0
82,95,101.6,0,0
82,94,89.1,0,0
82,93,91.1,0,0
82,92,87.7,0,0
82,91,87.7,0,0
82,90,87.0,0,0
82,89,88.9,0,0
82,88,86.0,0,0
82,87,83.4,0,0
82,86,85.7,0,0
82,85,84.6,0,0
82,84,83.0,0,0
82,83,85.1,0,0
82,82,85.8,0,0
82,81,83.6,0,0
82,80,82.5,0,0
82,79,76.6,0,0
82,78,74.0,0,0
82,77,73.3,0,0
82,76,75.2,0,0
82,75,77.9,0,0
82,74,72.1,0,0
82,73,72.2,0,0
82,72,70.3,0,0
82,71,71.2,0,0
82,70,76.4,0,0
82,69,68.0,0,0
82,68,68.1,0,0
82,67,68.3,0,0
82,66,61.7,0,0
82,65,63.2,0,0
82,64,58.5,0,0
82,63,61.7,0,0
82,62,64.4,0,0
82,61,65.9,0,0
82,60,66.0,0,0
82,59,61.5,0,0
82,58,57.6,0,0
82,57,55.1,0,0
82,56,52.0,0,0
82,55,50.5,0,0
82,54,53.0,0,0
82,53,56.8,0,0
82,52,51.3,0,0
82,51,53.2,0,0
82,50,53.1,0,0
82,49,52.4,0,0
82,48,53.0,0,0
82,47,52.9,0,0
82,46,53.2,0,0
82,45,52.4,0,0
82,44,45.0,0,0
82,43,40.7,0,0
82,42,40.6,0,0
82,41,38.9,0,0
82,40,38.0,0,0
82,39,38.0,0,0
82,38,36.5,0,0
82,37,33.8,0,0
82,36,32.9,0,0
82,35,32.3,0,0
82,34,33.5,0,0
82,33,31.7,0,0
82,32,32.1,0,0
82,31,31.8,0,0
82,30,32.1,0,0
82,29,33.2,0,1
82,28,31.6,0,1
82,27,27.9,1,1
82,26,24.4,1,1
82,25,27.0,1,1
82,24,23.4,1,1
82,23,24.2,1,1
82,22,23.9,1,1
82,21,25.2,1,1
82,20,21.5,1,1
82,19,19.2,1,1
82,18,15.8,1,1
82,17,15.5,1,1
82,16,12.8,1,1
82,15,11.3,1,1
82,14,12.2,1,1
82,13,9.6,1,1
82,12,7.7,1,1
82,11,6.8,1,1
82,10,7.6,1,1
82,9,6.2,1,1
82,8,5.8,1,1
82,7,6.0,1,1
82,6,7.1,1,1
82,5,3.4,1,1
82,4,1.7,1,1
82,3,2.1,1,1
82,2,2.4,1,1
82,1,1.6,1,1
82,0,1.5,1,1
83,263,181.8,0,0
83,262,176.0,0,0
83,261,178.5,0,0
83,260,171.8,0,0
83,259,175.3,0,0
83,258,182.0,0,0
83,257,159.4,0,0
83,256,176.8,0,0
83,255,170.7,0,0
83,254,169.7,0,0
83,253,167.5,0,0
83,252,163.0,0,0
83,251,163.5,0,0
83,250,170.4,0,0
83,249,170.5,0,0
83,248,170.3,0,0
83,247,175.1,0,0
83,246,175.0,0,0
83,245,170.5,0,0
83,244,170.5,0,0
83,243,177.2,0,0
83,242,174.0,0,0
83,241,178.7,0,0
83,240,170.1,0,0
83,239,158.7,0,0
83,238,142.7,0,0
83,237,148.5,0,0
83,236,147.8,0,0
83,235,146.0,0,0
83,234,145.1,0,0
83,233,137.9,0,0
83,232,141.2,0,0
83,231,130.2,0,0
83,230,128.6,0,0
83,229,126.4,0,0
83,228,122.1,0,0
83,227,120.2,0,0
83,226,125.2,0,0
83,225,121.6,0,0
83,224,124.9,0,0
83,223,122.9,0,0
83,222,120.9,0,0
83,221,119.0,0,0
83,220,127.4,0,0
83,219,128.8,0,0
83,218,125.8,0,0
83,217,124.7,0,0
83,216,118.8,0,0
83,215,126.4,0,0
83,214,135.2,0,0
83,213,149.6,0,0
83,212,155.3,0,0
83,211,153.1,0,0
83,210,159.3,0,0
83,209,149.3,0,0
83,208,157.9,0,0
83,207,156.6,0,0
83,206,148.4,0,0
83,205,127.6,0,0
83,204,152.3,0,0
83,203,137.8,0,0
83,202,157.5,0,0
83,201,131.8,0,0
83,200,133.3,0,0
83,199,131.7,0,0
83,198,134.5,0,0
83,197,139.4,0,0
83,196,139.8,0,0
83,195,138.8,0,0
83,194,147.6,0,0
83,193,148.0,0,0
83,192,155.3,0,0
83,191,159.7,0,0
83,190,152.2,0,0
83,189,138.5,0,0
83,188,129.3,0,0
83,187,136.0,0,0
83,186,131.9,0,0
83,185,133.0,0,0
83,184,138.4,0,0
83,183,140.6,0,0
83,182,133.2,0,0
83,181,130.8,0,0
83,180,131.0,0,0
83,179,122.8,0,0
83,178,126.9,0,0
83,177,121.5,0,0
83,176,127.4,0,0
83,175,119.6,0,0
83,174,108.7,0,0
83,173,116.4,0,0
83,172,108.8,0,0
83,171,116.6,0,0
83,170,105.8,0,0
83,169,111.0,0,0
83,168,110.2,0,0
83,167,111.8,0,0
83,166,107.1,0,0
83,165,111.1,0,0
83,164,108.9,0,0
83,163,107.2,0,0
83,162,117.5,0,0
83,161,110.0,0,0
83,160,119.3,0,0
83,159,122.3,0,0
83,158,114.7,0,0
83,157,105.0,0,0
83,156,104.9,0,0
83,155,104.7,0,0
83,154,102.5,0,0
83,153,112.1,0,0
83,152,105.0,0,0
83,151,113.3,0,0
83,150,106.5,0,0
83,149,109.0,0,0
83,148,115.4,0,0
83,147,114.1,0,0
83,146,107.9,0,0
83,145,103.1,0,0
83,144,88.1,0,0
83,143,89.0,0,0
83,142,91.6,0,0
83,141,95.1,0,0
83,140,97.8,0,0
83,139,94.6,0,0
83,138,91.3,0,0
83,137,95.4,0,0
83,136,89.2,0,0
83,135,86.1,0,0
83,134,88.5,0,0
83,133,89.5,0,0
83,132,92.1,0,0
83,131,89.4,0,0
83,130,92.7,0,0
83,129,90.6,0,0
83,128,92.8,0,0
83,127,85.9,0,0
83,126,79.9,0,0
83,125,86.5,0,0
83,124,82.7,0,0
83,123,85.1,0,0
83,122,77.8,0,0
83,121,81.9,0,0
83,120,92.1,0,0
83,119,82.0,0,0
83,118,81.4,0,0
83,117,84.9,0,0
83,116,83.4,0,0
83,115,80.3,0,0
83,114,73.5,0,0
83,113,87.9,0,0
83,112,88.4,0,0
83,111,99.0,0,0
83,110,85.7,0,0
83,109,89.2,0,0
83,108,81.7,0,0
83,107,77.3,0,0
83,106,71.9,0,0
83,105,73.3,0,0
83,104,74.3,0,0
83,103,68.6,0,0
83,102,61.3,0,0
83,101,62.9,0,0
83,100,66.0,0,0
83,99,63.2,0,0
83,98,63.6,0,0
83,97,65.3,0,0
83,96,62.2,0,0
83,95,63.0,0,0
83,94,64.0,0,0
83,93,61.7,0,0
83,92,61.0,0,0
83,91,61.9,0,0
83,90,60.8,0,0
83,89,58.3,0,0
83,88,63.8,0,0
83,87,58.7,0,0
83,86,61.0,0,0
83,85,62.2,0,0
83,84,62.2,0,0
83,83,55.5,0,0
83,82,56.9,0,0
83,81,55.1,0,0
83,80,50.8,0,0
83,79,56.7,0,0
83,78,58.2,0,0
83,77,58.2,0,0
83,76,58.1,0,0
83,75,60.3,0,0
83,74,60.2,0,0
83,73,55.8,0,0
83,72,58.1,0,0
83,71,52.8,0,0
83,70,57.3,0,0
83,69,54.9,0,0
83,68,49.7,0,0
83,67,50.9,0,0
83,66,48.6,0,0
83,65,53.1,0,0
83,64,51.5,0,0
83,63,45.5,0,0
83,62,46.6,0,0
83,61,45.1,0,0
83,60,43.4,0,0
83,59,46.1,0,0
83,58,45.9,0,0
83,57,44.7,0,0
83,56,40.3,0,0
83,55,41.6,0,0
83,54,40.5,0,0
83,53,38.5,0,0
83,52,41.6,0,0
83,51,33.2,0,0
83,50,35.4,0,0
83,49,33.9,0,0
83,48,34.0,0,0
83,47,35.7,0,0
83,46,38.4,0,0
83,45,34.4,0,0
83,44,33.5,0,0
83,43,31.6,0,0
83,42,29.5,1,0
83,41,28.5,1,0
83,40,29.9,1,0
83,39,29.2,1,0
83,38,28.6,1,0
83,37,28.3,1,0
83,36,27.8,1,0
83,35,30.8,0,0
83,34,28.3,1,0
83,33,28.2,1,0
83,32,25.0,1,0
83,31,24.8,1,0
83,30,25.1,1,0
83,29,24.6,1,1
83,28,24.4,1,1
83,27,23.9,1,1
83,26,23.3,1,1
83,25,20.7,1,1
83,24,17.5,1,1
83,23,17.5,1,1
83,22,16.2,1,1
83,21,17.6,1,1
83,20,16.7,1,1
83,19,13.5,1,1
83,18,12.4,1,1
83,17,15.5,1,1
83,16,15.9,1,1
83,15,14.3,1,1
83,14,12.6,1,1
83,13,13.9,1,1
83,12,10.8,1,1
83,11,9.0,1,1
83,10,7.5,1,1
83,9,6.8,1,1
83,8,5.1,1,1
83,7,6.5,1,1
83,6,4.9,1,1
83,5,4.5,1,1
83,4,5.0,1,1
83,3,3.8,1,1
83,2,3.7,1,1
83,1,3.6,1,1
83,0,3.1,1,1
84,237,116.7,0,0
84,236,115.8,0,0
84,235,113.8,0,0
84,234,113.2,0,0
84,233,111.3,0,0
84,232,106.0,0,0
84,231,113.5,0,0
84,230,109.7,0,0
84,229,116.4,0,0
84,228,125.2,0,0
84,227,129.5,0,0
84,226,132.5,0,0
84,225,131.6,0,0
84,224,133.0,0,0
84,223,129.0,0,0
84,222,131.7,0,0
84,221,138.2,0,0
84,220,133.6,0,0
84,219,124.2,0,0
84,218,123.7,0,0
84,217,131.2,0,0
84,216,128.1,0,0
84,215,129.8,0,0
84,214,134.0,0,0
84,213,143.6,0,0
84,212,151.1,0,0
84,211,148.9,0,0
84,210,144.5,0,0
84,209,138.9,0,0
84,208,145.1,0,0
84,207,140.4,0,0
84,206,118.6,0,0
84,205,125.5,0,0
84,204,125.0,0,0
84,203,124.1,0,0
84,202,126.3,0,0
84,201,130.2,0,0
84,200,126.7,0,0
84,199,129.8,0,0
84,198,127.2,0,0
84,197,119.2,0,0
84,196,127.4,0,0
84,195,128.4,0,0
84,194,131.2,0,0
84,193,129.3,0,0
84,192,134.9,0,0
84,191,127.0,0,0
84,190,131.4,0,0
84,189,132.2,0,0
84,188,126.8,0,0
84,187,121.9,0,0
84,186,121.6,0,0
84,185,127.0,0,0
84,184,120.3,0,0
84,183,114.4,0,0
84,182,113.3,0,0
84,181,107.5,0,0
84,180,110.3,0,0
84,179,113.3,0,0
84,178,107.3,0,0
84,177,113.8,0,0
84,176,113.7,0,0
84,175,113.2,0,0
84,174,111.2,0,0
84,173,117.6,0,0
84,172,113.8,0,0
84,171,110.2,0,0
84,170,111.6,0,0
84,169,110.0,0,0
84,168,110.1,0,0
84,167,107.9,0,0
84,166,102.0,0,0
84,165,109.5,0,0
84,164,102.3,0,0
84,163,100.9,0,0
84,162,111.3,0,0
84,161,118.0,0,0
84,160,114.5,0,0
84,159,115.0,0,0
84,158,111.8,0,0
84,157,111.4,0,0
84,156,101.9,0,0
84,155,104.9,0,0
84,154,105.8,0,0
84,153,99.4,0,0
84,152,95.5,0,0
84,151,94.1,0,0
84,150,90.4,0,0
84,149,94.5,0,0
84,148,93.7,0,0
84,147,97.3,0,0
84,146,104.4,0,0
84,145,104.0,0,0
84,144,100.0,0,0
84,143,97.0,0,0
84,142,97.0,0,0
84,141,103.5,0,0
84,140,101.3,0,0
84,139,104.2,0,0
84,138,107.8,0,0
84,137,104.3,0,0
84,136,101.3,0,0
84,135,97.5,0,0
84,134,88.9,0,0
84,133,85.4,0,0
84,132,86.4,0,0
84,131,81.6,0,0
84,130,79.4,0,0
84,129,84.6,0,0
84,128,88.6,0,0
84,127,91.3,0,0
84,126,93.9,0,0
84,125,87.7,0,0
84,124,92.1,0,0
84,123,82.9,0,0
84,122,90.7,0,0
84,121,85.5,0,0
84,120,85.0,0,0
84,119,81.2,0,0
84,118,85.7,0,0
84,117,87.9,0,0
84,116,81.4,0,0
84,115,80.2,0,0
84,114,78.3,0,0
84,113,72.1,0,0
84,112,68.6,0,0
84,111,66.9,0,0
84,110,63.8,0,0
84,109,60.4,0,0
84,108,60.2,0,0
84,107,59.4,0,0
84,106,65.1,0,0
84,105,69.6,0,0
84,104,70.1,0,0
84,103,71.6,0,0
84,102,69.9,0,0
84,101,69.6,0,0
84,100,63.6,0,0
84,99,62.0,0,0
84,98,62.4,0,0
84,97,62.1,0,0
84,96,61.4,0,0
84,95,63.0,0,0
84,94,65.5,0,0
84,93,65.8,0,0
84,92,61.0,0,0
84,91,58.3,0,0
84,90,56.5,0,0
84,89,58.8,0,0
84,88,60.8,0,0
84,87,61.0,0,0
84,86,57.2,0,0
84,85,55.7,0,0
84,84,56.0,0,0
84,83,60.9,0,0
84,82,61.6,0,0
84,81,57.6,0,0
84,80,61.6,0,0
84,79,63.3,0,0
84,78,64.0,0,0
84,77,61.0,0,0
84,76,60.1,0,0
84,75,62.1,0,0
84,74,59.9,0,0
84,73,56.7,0,0
84,72,53.1,0,0
84,71,57.7,0,0
84,70,50.2,0,0
84,69,54.8,0,0
84,68,51.7,0,0
84,67,54.0,0,0
84,66,47.1,0,0
84,65,44.4,0,0
84,64,47.5,0,0
84,63,44.8,0,0
84,62,42.5,0,0
84,61,45.2,0,0
84,60,44.8,0,0
84,59,39.5,0,0
84,58,38.6,0,0
84,57,37.8,0,0
84,56,37.3,0,0
84,55,35.6,0,0
84,54,34.9,0,0
84,53,33.9,0,0
84,52,37.1,0,0
84,51,37.7,0,0
84,50,39.2,0,0
84,49,41.8,0,0
84,48,38.9,0,0
84,47,42.5,0,0
84,46,47.4,0,0
84,45,43.1,0,0
84,44,44.9,0,0
84,43,43.9,0,0
84,42,43.0,0,0
84,41,40.3,0,0
84,40,38.6,0,0
84,39,36.7,0,0
84,38,36.2,0,0
84,37,31.5,0,0
84,36,27.5,1,0
84,35,26.9,1,0
84,34,30.1,0,0
84,33,29.7,1,0
84,32,28.1,1,0
84,31,26.8,1,0
84,30,29.3,1,0
84,29,25.1,1,1
84,28,27.3,1,1
84,27,27.0,1,1
84,26,24.3,1,1
84,25,25.1,1,1
84,24,20.3,1,1
84,23,19.6,1,1
84,22,18.2,1,1
84,21,21.4,1,1
84,20,20.8,1,1
84,19,25.0,1,1
84,18,16.7,1,1
84,17,18.1,1,1
84,16,16.1,1,1
84,15,14.7,1,1
84,14,14.3,1,1
84,13,15.1,1,1
84,12,13.5,1,1
84,11,11.9,1,1
84,10,11.0,1,1
84,9,10.1,1,1
84,8,8.4,1,1
84,7,8.5,1,1
84,6,10.6,1,1
84,5,7.3,1,1
84,4,7.0,1,1
84,3,6.3,1,1
84,2,4.9,1,1
84,1,5.8,1,1
84,0,3.8,1,1
85,158,159.2,0,0
85,157,150.5,0,0
85,156,148.0,0,0
85,155,148.4,0,0
85,154,147.0,0,0
85,153,146.0,0,0
85,152,144.8,0,0
85,151,144.1,0,0
85,150,141.4,0,0
85,149,133.0,0,0
85,148,133.5,0,0
85,147,133.9,0,0
85,146,134.5,0,0
85,145,144.4,0,0
85,144,130.7,0,0
85,143,134.3,0,0
85,142,135.9,0,0
85,141,142.9,0,0
85,140,140.6,0,0
85,139,136.6,0,0
85,138,132.6,0,0
85,137,134.6,0,0
85,136,129.4,0,0
85,135,140.1,0,0
85,134,139.7,0,0
85,133,137.4,0,0
85,132,141.4,0,0
85,131,144.2,0,0
85,130,148.9,0,0
85,129,147.6,0,0
85,128,140.1,0,0
85,127,144.1,0,0
85,126,139.6,0,0
85,125,140.7,0,0
85,124,139.0,0,0
85,123,141.6,0,0
85,122,147.4,0,0
85,121,146.5,0,0
85,120,149.4,0,0
85,119,144.6,0,0
85,118,143.4,0,0
85,117,142.0,0,0
85,116,145.7,0,0
85,115,157.0,0,0
85,114,157.1,0,0
85,113,165.4,0,0
85,112,160.2,0,0
85,111,160.0,0,0
85,110,149.7,0,0
85,109,148.2,0,0
85,108,150.7,0,0
85,107,148.8,0,0
85,106,160.6,0,0
85,105,141.0,0,0
85,104,139.3,0,0
85,103,136.8,0,0
85,102,133.5,0,0
85,101,131.3,0,0
85,100,133.4,0,0
85,99,126.7,0,0
85,98,120.0,0,0
85,97,120.9,0,0
85,96,122.3,0,0
85,95,113.5,0,0
85,94,116.6,0,0
85,93,114.8,0,0
85,92,113.7,0,0
85,91,106.4,0,0
85,90,110.1,0,0
85,89,108.9,0,0
85,88,112.8,0,0
85,87,110.2,0,0
85,86,108.9,0,0
85,85,107.5,0,0
85,84,104.2,0,0
85,83,101.4,0,0
85,82,106.0,0,0
85,81,97.2,0,0
85,80,105.2,0,0
85,79,105.4,0,0
85,78,100.1,0,0
85,77,98.9,0,0
85,76,91.1,0,0
85,75,89.0,0,0
85,74,90.8,0,0
85,73,94.2,0,0
85,72,83.6,0,0
85,71,81.6,0,0
85,70,80.8,0,0
85,69,78.4,0,0
85,68,81.5,0,0
85,67,73.1,0,0
85,66,77.7,0,0
85,65,77.1,0,0
85,64,75.6,0,0
85,63,73.0,0,0
85,62,72.4,0,0
85,61,74.9,0,0
85,60,73.3,0,0
85,59,78.4,0,0
85,58,73.1,0,0
85,57,73.9,0,0
85,56,74.3,0,0
85,55,73.1,0,0
85,54,64.8,0,0
85,53,65.3,0,0
85,52,63.1,0,0
85,51,67.2,0,0
85,50,63.0,0,0
85,49,65.4,0,0
85,48,63.0,0,0
85,47,59.0,0,0
85,46,58.3,0,0
85,45,55.9,0,0
85,44,55.7,0,0
85,43,56.3,0,0
85,42,55.4,0,0
85,41,57.8,0,0
85,40,53.5,0,0
85,39,51.1,0,0
85,38,50.0,0,0
85,37,49.7,0,0
85,36,42.6,0,0
85,35,42.4,0,0
85,34,44.0,0,0
85,33,37.6,0,0
85,32,43.3,0,0
85,31,43.6,0,0
85,30,38.5,0,0
85,29,37.9,0,1
85,28,38.2,0,1
85,27,34.6,0,1
85,26,32.8,0,1
85,25,29.1,1,1
85,24,27.8,1,1
85,23,26.1,1,1
85,22,26.1,1,1
85,21,24.1,1,1
85,20,24.6,1,1
85,19,22.7,1,1
85,18,23.0,1,1
85,17,22.2,1,1
85,16,18.7,1,1
85,15,18.3,1,1
85,14,18.2,1,1
85,13,16.5,1,1
85,12,15.5,1,1
85,11,13.9,1,1
85,10,11.4,1,1
85,9,10.4,1,1
85,8,11.8,1,1
85,7,9.4,1,1
85,6,8.9,1,1
85,5,7.4,1,1
85,4,7.0,1,1
85,3,7.0,1,1
85,2,6.3,1,1
85,1,4.1,1,1
85,0,3.7,1,1
86,248,154.8,0,0
86,247,155.9,0,0
86,246,163.0,0,0
86,245,159.0,0,0
86,244,163.7,0,0
86,243,169.9,0,0
86,242,156.7,0,0
86,241,155.4,0,0
86,240,165.3,0,0
86,239,164.0,0,0
86,238,163.9,0,0
86,237,161.6,0,0
86,236,162.7,0,0
86,235,159.1,0,0
86,234,155.6,0,0
86,233,157.4,0,0
86,232,147.5,0,0
86,231,134.4,0,0
86,230,135.1,0,0
86,229,137.7,0,0
86,228,140.2,0,0
86,227,137.6,0,0
86,226,148.6,0,0
86,225,154.9,0,0
86,224,142.5,0,0
86,223,144.0,0,0
86,222,149.6,0,0
86,221,154.8,0,0
86,220,162.6,0,0
86,219,163.9,0,0
86,218,161.0,0,0
86,217,162.6,0,0
86,216,150.5,0,0
86,215,152.5,0,0
86,214,145.0,0,0
86,213,144.5,0,0
86,212,146.8,0,0
86,211,152.4,0,0
86,210,138.5,0,0
86,209,140.8,0,0
86,208,134.4,0,0
86,207,123.8,0,0
86,206,122.1,0,0
86,205,136.0,0,0
86,204,132.2,0,0
86,203,129.2,0,0
86,202,144.1,0,0
86,201,153.7,0,0
86,200,146.8,0,0
86,199,147.8,0,0
86,198,130.3,0,0
86,197,136.6,0,0
86,196,144.7,0,0
86,195,130.4,0,0
86,194,130.4,0,0
86,193,129.7,0,0
86,192,136.3,0,0
86,191,138.8,0,0
86,190,145.1,0,0
86,189,136.0,0,0
86,188,149.3,0,0
86,187,136.2,0,0
86,186,124.0,0,0
86,185,123.4,0,0
86,184,130.9,0,0
86,183,142.5,0,0
86,182,132.3,0,0
86,181,135.7,0,0
86,180,125.0,0,0
86,179,142.6,0,0
86,178,138.6,0,0
86,177,143.7,0,0
86,176,139.5,0,0
86,175,138.0,0,0
86,174,128.2,0,0
86,173,118.2,0,0
86,172,111.5,0,0
86,171,118.4,0,0
86,170,117.3,0,0
86,169,119.9,0,0
86,168,117.4,0,0
86,167,119.1,0,0
86,166,125.1,0,0
86,165,125.4,0,0
86,164,126.6,0,0
86,163,130.8,0,0
86,162,125.3,0,0
86,161,123.8,0,0
86,160,125.0,0,0
86,159,116.0,0,0
86,158,116.0,0,0
86,157,110.1,0,0
86,156,112.1,0,0
86,155,113.2,0,0
86,154,112.1,0,0
86,153,107.4,0,0
86,152,107.7,0,0
86,151,103.5,0,0
86,150,112.7,0,0
86,149,106.5,0,0
86,148,112.5,0,0
86,147,112.1,0,0
86,146,110.8,0,0
86,145,112.6,0,0
86,144,109.7,0,0
86,143,109.0,0,0
86,142,111.7,0,0
86,141,120.7,0,0
86,140,110.1,0,0
86,139,105.3,0,0
86,138,110.0,0,0
86,137,111.8,0,0
86,136,102.6,0,0
86,135,110.7,0,0
86,134,101.7,0,0
86,133,101.9,0,0
86,132,96.3,0,0
86,131,100.0,0,0
86,130,97.3,0,0
86,129,107.2,0,0
86,128,92.2,0,0
86,127,93.7,0,0
86,126,97.7,0,0
86,125,88.1,0,0
86,124,98.7,0,0
86,123,105.9,0,0
86,122,106.1,0,0
86,121,106.4,0,0
86,120,106.1,0,0
86,119,103.8,0,0
86,118,99.9,0,0
86,117,97.1,0,0
86,116,98.0,0,0
86,115,103.1,0,0
86,114,97.1,0,0
86,113,93.9,0,0
86,112,91.5,0,0
86,111,91.7,0,0
86,110,81.1,0,0
86,109,74.9,0,0
86,108,73.3,0,0
86,107,71.8,0,0
86,106,70.4,0,0
86,105,67.9,0,0
86,104,68.1,0,0
86,103,72.2,0,0
86,102,64.9,0,0
86,101,64.8,0,0
86,100,63.6,0,0
86,99,65.6,0,0
86,98,59.6,0,0
86,97,62.2,0,0
86,96,63.7,0,0
86,95,65.5,0,0
86,94,59.3,0,0
86,93,56.4,0,0
86,92,62.3,0,0
86,91,61.6,0,0
86,90,60.1,0,0
86,89,57.2,0,0
86,88,58.5,0,0
86,87,55.5,0,0
86,86,58.7,0,0
86,85,56.0,0,0
86,84,55.4,0,0
86,83,54.3,0,0
86,82,53.8,0,0
86,81,53.5,0,0
86,80,50.1,0,0
86,79,52.5,0,0
86,78,49.9,0,0
86,77,53.5,0,0
86,76,50.4,0,0
86,75,50.7,0,0
86,74,50.5,0,0
86,73,47.4,0,0
86,72,42.9,0,0
86,71,44.1,0,0
86,70,44.9,0,0
86,69,47.5,0,0
86,68,46.1,0,0
86,67,41.9,0,0
86,66,43.0,0,0
86,65,40.2,0,0
86,64,39.8,0,0
86,63,38.1,0,0
86,62,39.1,0,0
86,61,35.3,0,0
86,60,36.0,0,0
86,59,37.2,0,0
86,58,36.1,0,0
86,57,38.1,0,0
86,56,37.1,0,0
86,55,35.0,0,0
86,54,34.6,0,0
86,53,35.3,0,0
86,52,36.3,0,0
86,51,35.0,0,0
86,50,35.0,0,0
86,49,36.3,0,0
86,48,33.3,0,0
86,47,35.2,0,0
86,46,35.9,0,0
86,45,34.9,0,0
86,44,32.7,0,0
86,43,30.7,0,0
86,42,28.8,1,0
86,41,27.6,1,0
86,40,24.6,1,0
86,39,23.6,1,0
86,38,22.2,1,0
86,37,23.7,1,0
86,36,19.2,1,0
86,35,23.0,1,0
86,34,21.0,1,0
86,33,18.8,1,0
86,32,16.7,1,0
86,31,14.5,1,0
86,30,15.5,1,0
86,29,14.1,1,1
86,28,14.4,1,1
86,27,14.2,1,1
86,26,15.1,1,1
86,25,15.5,1,1
86,24,12.3,1,1
86,23,13.9,1,1
86,22,12.3,1,1
86,21,11.8,1,1
86,20,11.6,1,1
86,19,10.3,1,1
86,18,10.9,1,1
86,17,11.8,1,1
86,16,12.1,1,1
86,15,10.0,1,1
86,14,7.5,1,1
86,13,6.7,1,1
86,12,6.2,1,1
86,11,5.7,1,1
86,10,4.9,1,1
86,9,4.3,1,1
86,8,3.8,1,1
86,7,3.6,1,1
86,6,4.2,1,1
86,5,3.7,1,1
86,4,4.7,1,1
86,3,3.9,1,1
86,2,5.0,1,1
86,1,3.9,1,1
86,0,4.8,1,1
87,148,126.6,0,0
87,147,121.5,0,0
87,146,125.0,0,0
87,145,128.3,0,0
87,144,130.3,0,0
87,143,130.3,0,0
87,142,132.6,0,0
87,141,134.8,0,0
87,140,129.1,0,0
87,139,132.4,0,0
87,138,121.9,0,0
87,137,133.3,0,0
87,136,131.7,0,0
87,135,124.1,0,0
87,134,124.8,0,0
87,133,127.7,0,0
87,132,122.7,0,0
87,131,126.3,0,0
87,130,121.9,0,0
87,129,132.2,0,0
87,128,133.1,0,0
87,127,128.3,0,0
87,126,117.7,0,0
87,125,128.3,0,0
87,124,124.2,0,0
87,123,121.9,0,0
87,122,122.0,0,0
87,121,118.5,0,0
87,120,116.7,0,0
87,119,110.4,0,0
87,118,106.1,0,0
87,117,99.8,0,0
87,116,100.7,0,0
87,115,97.6,0,0
87,114,97.0,0,0
87,113,90.2,0,0
87,112,90.6,0,0
87,111,98.9,0,0
87,110,95.2,0,0
87,109,98.8,0,0
87,108,93.9,0,0
87,107,97.2,0,0
87,106,97.5,0,0
87,105,102.7,0,0
87,104,101.6,0,0
87,103,104.4,0,0
87,102,95.7,0,0
87,101,101.2,0,0
87,100,107.5,0,0
87,99,106.1,0,0
87,98,94.0,0,0
87,97,95.6,0,0
87,96,97.1,0,0
87,95,91.7,0,0
87,94,91.9,0,0
87,93,84.8,0,0
87,92,89.2,0,0
87,91,85.7,0,0
87,90,81.4,0,0
87,89,83.1,0,0
87,88,91.5,0,0
87,87,83.4,0,0
87,86,80.0,0,0
87,85,84.7,0,0
87,84,75.6,0,0
87,83,82.1,0,0
87,82,85.7,0,0
87,81,84.8,0,0
87,80,83.5,0,0
87,79,89.9,0,0
87,78,92.2,0,0
87,77,83.5,0,0
87,76,86.2,0,0
87,75,83.7,0,0
87,74,81.9,0,0
87,73,77.1,0,0
87,72,73.4,0,0
87,71,79.1,0,0
87,70,79.3,0,0
87,69,76.9,0,0
87,68,68.0,0,0
87,67,61.3,0,0
87,66,61.0,0,0
87,65,63.1,0,0
87,64,61.8,0,0
87,63,63.2,0,0
87,62,61.8,0,0
87,61,59.0,0,0
87,60,63.4,0,0
87,59,55.5,0,0
87,58,58.4,0,0
87,57,51.6,0,0
87,56,53.0,0,0
87,55,60.1,0,0
87,54,58.9,0,0
87,53,55.3,0,0
87,52,57.2,0,0
87,51,54.3,0,0
87,50,53.4,0,0
87,49,48.4,0,0
87,48,51.4,0,0
87,47,49.7,0,0
87,46,45.2,0,0
87,45,40.7,0,0
87,44,39.0,0,0
87,43,35.2,0,0
87,42,35.1,0,0
87,41,34.6,0,0
87,40,35.5,0,0
87,39,38.4,0,0
87,38,38.9,0,0
87,37,41.8,0,0
87,36,41.9,0,0
87,35,45.9,0,0
87,34,38.8,0,0
87,33,41.3,0,0
87,32,41.2,0,0
87,31,39.2,0,0
87,30,37.1,0,0
87,29,38.2,0,1
87,28,34.9,0,1
87,27,36.0,0,1
87,26,32.0,0,1
87,25,31.9,0,1
87,24,31.5,0,1
87,23,31.6,0,1
87,22,27.5,1,1
87,21,27.3,1,1
87,20,26.0,1,1
87,19,24.0,1,1
87,18,23.0,1,1
87,17,22.2,1,1
87,16,20.1,1,1
87,15,18.0,1,1
87,14,16.1,1,1
87,13,15.0,1,1
87,12,14.8,1,1
87,11,13.3,1,1
87,10,13.0,1,1
87,9,14.0,1,1
87,8,14.5,1,1
87,7,12.7,1,1
87,6,10.8,1,1
87,5,12.0,1,1
87,4,10.5,1,1
87,3,8.5,1,1
87,2,7.4,1,1
87,1,5.0,1,1
87,0,3.7,1,1
88,183,166.4,0,0
88,182,182.9,0,0
88,181,182.4,0,0
88,180,182.4,0,0
88,179,185.2,0,0
88,178,190.1,0,0
88,177,173.9,0,0
88,176,177.9,0,0
88,175,186.6,0,0
88,174,187.5,0,0
88,173,190.4,0,0
88,172,186.2,0,0
88,171,179.3,0,0
88,170,160.7,0,0
88,169,159.8,0,0
88,168,159.6,0,0
88,167,154.7,0,0
88,166,153.0,0,0
88,165,152.2,0,0
88,164,150.2,0,0
88,163,151.0,0,0
88,162,156.2,0,0
88,161,153.9,0,0
88,160,153.5,0,0
88,159,158.2,0,0
88,158,150.8,0,0
88,157,150.0,0,0
88,156,150.8,0,0
88,155,149.4,0,0
88,154,155.2,0,0
88,153,152.0,0,0
88,152,146.2,0,0
88,151,144.2,0,0
88,150,143.0,0,0
88,149,145.1,0,0
88,148,145.1,0,0
88,147,140.7,0,0
88,146,145.7,0,0
88,145,147.4,0,0
88,144,141.8,0,0
88,143,140.8,0,0
88,142,140.3,0,0
88,141,137.3,0,0
88,140,137.2,0,0
88,139,135.3,0,0
88,138,139.9,0,0
88,137,139.8,0,0
88,136,142.3,0,0
88,135,143.3,0,0
88,134,144.6,0,0
88,133,150.9,0,0
88,132,152.7,0,0
88,131,152.4,0,0
88,130,146.6,0,0
88,129,149.9,0,0
88,128,143.9,0,0
88,127,146.8,0,0
88,126,145.6,0,0
88,125,145.5,0,0
88,124,138.0,0,0
88,123,135.4,0,0
88,122,138.4,0,0
88,121,132.3,0,0
88,120,132.9,0,0
88,119,132.5,0,0
88,118,125.9,0,0
88,117,133.5,0,0
88,116,129.9,0,0
88,115,124.1,0,0
88,114,125.0,0,0
88,113,133.6,0,0
88,112,129.3,0,0
88,111,132.1,0,0
88,110,136.4,0,0
88,109,137.2,0,0
88,108,137.8,0,0
88,107,128.3,0,0
88,106,130.4,0,0
88,105,133.8,0,0
88,104,127.3,0,0
88,103,110.1,0,0
88,102,107.6,0,0
88,101,107.0,0,0
88,100,110.6,0,0
88,99,105.9,0,0
88,98,104.9,0,0
88,97,105.8,0,0
88,96,101.4,0,0
88,95,100.0,0,0
88,94,102.6,0,0
88,93,98.8,0,0
88,92,89.2,0,0
88,91,93.2,0,0
88,90,87.6,0,0
88,89,86.1,0,0
88,88,89.5,0,0
88,87,90.0,0,0
88,86,88.4,0,0
88,85,88.2,0,0
88,84,81.7,0,0
88,83,83.1,0,0
88,82,82.9,0,0
88,81,84.4,0,0
88,80,84.4,0,0
88,79,86.0,0,0
88,78,87.5,0,0
88,77,82.1,0,0
88,76,77.9,0,0
88,75,76.6,0,0
88,74,76.6,0,0
88,73,76.0,0,0
88,72,68.5,0,0
88,71,67.9,0,0
88,70,68.5,0,0
88,69,66.5,0,0
88,68,64.9,0,0
88,67,65.6,0,0
88,66,69.1,0,0
88,65,66.0,0,0
88,64,65.6,0,0
88,63,65.9,0,0
88,62,62.5,0,0
88,61,63.4,0,0
88,60,60.6,0,0
88,59,61.4,0,0
88,58,60.6,0,0
88,57,60.3,0,0
88,56,60.0,0,0
88,55,56.4,0,0
88,54,51.1,0,0
88,53,54.1,0,0
88,52,58.1,0,0
88,51,56.7,0,0
88,50,55.0,0,0
88,49,59.7,0,0
88,48,57.3,0,0
88,47,52.1,0,0
88,46,50.2,0,0
88,45,49.4,0,0
88,44,47.6,0,0
88,43,45.5,0,0
88,42,43.7,0,0
88,41,42.0,0,0
88,40,41.7,0,0
88,39,34.8,0,0
88,38,35.7,0,0
88,37,35.0,0,0
88,36,34.1,0,0
88,35,29.2,1,0
88,34,29.8,1,0
88,33,29.4,1,0
88,32,28.3,1,0
88,31,25.0,1,0
88,30,25.1,1,0
88,29,25.1,1,1
88,28,28.3,1,1
88,27,29.9,1,1
88,26,25.9,1,1
88,25,25.2,1,1
88,24,25.5,1,1
88,23,23.7,1,1
88,22,23.8,1,1
88,21,23.1,1,1
88,20,23.2,1,1
88,19,18.9,1,1
88,18,17.3,1,1
88,17,16.4,1,1
88,16,15.3,1,1
88,15,16.1,1,1
88,14,14.8,1,1
88,13,13.2,1,1
88,12,13.4,1,1
88,11,11.8,1,1
88,10,10.0,1,1
88,9,8.5,1,1
88,8,9.3,1,1
88,7,7.5,1,1
88,6,8.0,1,1
88,5,7.4,1,1
88,4,5.3,1,1
88,3,5.3,1,1
88,2,3.2,1,1
88,1,2.1,1,1
88,0,1.6,1,1
89,187,163.0,0,0
89,186,153.4,0,0
89,185,156.9,0,0
89,184,156.9,0,0
89,183,155.7,0,0
89,182,157.0,0,0
89,181,155.6,0,0
89,180,152.3,0,0
89,179,150.9,0,0
89,178,153.5,0,0
89,177,153.3,0,0
89,176,153.6,0,0
89,175,162.3,0,0
89,174,163.5,0,0
89,173,169.7,0,0
89,172,172.7,0,0
89,171,178.9,0,0
89,170,172.1,0,0
89,169,155.5,0,0
89,168,158.7,0,0
89,167,152.5,0,0
89,166,146.2,0,0
89,165,162.8,0,0
89,164,151.8,0,0
89,163,149.1,0,0
89,162,150.9,0,0
89,161,148.9,0,0
89,160,147.3,0,0
89,159,145.2,0,0
89,158,146.6,0,0
89,157,142.5,0,0
89,156,141.7,0,0
89,155,144.4,0,0
89,154,137.5,0,0
89,153,145.3,0,0
89,152,151.8,0,0
89,151,144.1,0,0
89,150,144.5,0,0
89,149,143.4,0,0
89,148,132.4,0,0
89,147,130.2,0,0
89,146,137.2,0,0
89,145,128.3,0,0
89,144,131.1,0,0
89,143,129.4,0,0
89,142,130.4,0,0
89,141,127.5,0,0
89,140,128.8,0,0
89,139,129.3,0,0
89,138,132.9,0,0
89,137,130.7,0,0
89,136,133.3,0,0
89,135,136.1,0,0
89,134,130.5,0,0
89,133,133.0,0,0
89,132,139.7,0,0
89,131,131.2,0,0
89,130,133.9,0,0
89,129,121.8,0,0
89,128,123.2,0,0
89,127,120.7,0,0
89,126,120.9,0,0
89,125,119.7,0,0
89,124,122.0,0,0
89,123,118.9,0,0
89,122,120.7,0,0
89,121,123.0,0,0
89,120,113.4,0,0
89,119,109.5,0,0
89,118,110.6,0,0
89,117,113.9,0,0
89,116,109.7,0,0
89,115,113.7,0,0
89,114,117.8,0,0
89,113,117.1,0,0
89,112,119.8,0,0
89,111,117.3,0,0
89,110,118.1,0,0
89,109,118.0,0,0
89,108,115.3,0,0
89,107,110.4,0,0
89,106,111.2,0,0
89,105,109.7,0,0
89,104,108.4,0,0
89,103,104.8,0,0
89,102,109.9,0,0
89,101,111.1,0,0
89,100,102.1,0,0
89,99,95.0,0,0
89,98,100.6,0,0
89,97,89.3,0,0
89,96,90.9,0,0
89,95,90.0,0,0
89,94,90.1,0,0
89,93,93.7,0,0
89,92,92.2,0,0
89,91,89.3,0,0
89,90,94.9,0,0
89,89,99.2,0,0
89,88,89.9,0,0
89,87,92.8,0,0
89,86,89.4,0,0
89,85,89.3,0,0
89,84,91.6,0,0
89,83,92.6,0,0
89,82,88.3,0,0
89,81,84.7,0,0
89,80,80.0,0,0
89,79,81.3,0,0
89,78,85.1,0,0
89,77,85.5,0,0
89,76,87.5,0,0
89,75,85.1,0,0
89,74,76.8,0,0
89,73,70.0,0,0
89,72,67.4,0,0
89,71,69.9,0,0
89,70,66.4,0,0
89,69,64.6,0,0
89,68,65.6,0,0
89,67,64.0,0,0
89,66,60.4,0,0
89,65,60.9,0,0
89,64,59.8,0,0
89,63,56.5,0,0
89,62,54.7,0,0
89,61,54.3,0,0
89,60,55.7,0,0
89,59,56.1,0,0
89,58,58.5,0,0
89,57,56.4,0,0
89,56,56.3,0,0
89,55,51.2,0,0
89,54,48.8,0,0
89,53,49.4,0,0
89,52,49.1,0,0
89,51,50.2,0,0
89,50,50.3,0,0
89,49,55.7,0,0
89,48,50.0,0,0
89,47,50.7,0,0
89,46,46.7,0,0
89,45,45.7,0,0
89,44,46.3,0,0
89,43,43.9,0,0
89,42,42.9,0,0
89,41,39.6,0,0
89,40,40.2,0,0
89,39,34.8,0,0
89,38,35.5,0,0
89,37,32.8,0,0
89,36,31.3,0,0
89,35,33.2,0,0
89,34,36.0,0,0
89,33,32.1,0,0
89,32,28.9,1,0
89,31,28.4,1,0
89,30,25.9,1,0
89,29,26.6,1,1
89,28,25.4,1,1
89,27,22.9,1,1
89,26,21.3,1,1
89,25,23.0,1,1
89,24,24.5,1,1
89,23,24.1,1,1
89,22,19.3,1,1
89,21,16.8,1,1
89,20,17.6,1,1
89,19,15.1,1,1
89,18,12.5,1,1
89,17,11.7,1,1
89,16,12.4,1,1
89,15,8.9,1,1
89,14,7.7,1,1
89,13,7.3,1,1
89,12,7.8,1,1
89,11,7.6,1,1
89,10,6.8,1,1
89,9,6.4,1,1
89,8,4.2,1,1
89,7,4.6,1,1
89,6,4.0,1,1
89,5,4.3,1,1
89,4,2.4,1,1
89,3,3.1,1,1
89,2,2.4,1,1
89,1,2.6,1,1
89,0,2.0,1,1
90,124,154.9,0,0
90,123,154.3,0,0
90,122,159.6,0,0
90,121,152.3,0,0
90,120,158.4,0,0
90,119,157.4,0,0
90,118,156.7,0,0
90,117,157.1,0,0
90,116,162.3,0,0
90,115,161.3,0,0
90,114,164.1,0,0
90,113,157.1,0,0
90,112,157.6,0,0
90,111,157.6,0,0
90,110,153.1,0,0
90,109,152.9,0,0
90,108,148.9,0,0
90,107,146.0,0,0
90,106,145.9,0,0
90,105,144.2,0,0
90,104,148.1,0,0
90,103,148.2,0,0
90,102,153.5,0,0
90,101,174.8,0,0
90,100,145.0,0,0
90,99,147.5,0,0
90,98,170.5,0,0
90,97,174.8,0,0
90,96,169.1,0,0
90,95,153.9,0,0
90,94,153.3,0,0
90,93,140.9,0,0
90,92,148.4,0,0
90,91,178.1,0,0
90,90,174.3,0,0
90,89,179.9,0,0
90,88,179.7,0,0
90,87,179.3,0,0
90,86,172.1,0,0
90,85,162.5,0,0
90,84,130.8,0,0
90,83,143.4,0,0
90,82,125.9,0,0
90,81,123.6,0,0
90,80,145.8,0,0
90,79,167.9,0,0
90,78,163.3,0,0
90,77,129.9,0,0
90,76,126.7,0,0
90,75,117.3,0,0
90,74,104.4,0,0
90,73,115.4,0,0
90,72,113.2,0,0
90,71,103.3,0,0
90,70,105.7,0,0
90,69,98.2,0,0
90,68,103.9,0,0
90,67,99.9,0,0
90,66,99.7,0,0
90,65,95.2,0,0
90,64,91.5,0,0
90,63,92.8,0,0
90,62,84.5,0,0
90,61,81.2,0,0
90,60,84.4,0,0
90,59,79.1,0,0
90,58,80.7,0,0
90,57,83.9,0,0
90,56,83.7,0,0
90,55,85.3,0,0
90,54,86.8,0,0
90,53,87.8,0,0
90,52,85.5,0,0
90,51,85.4,0,0
90,50,80.4,0,0
90,49,78.6,0,0
90,48,74.0,0,0
90,47,77.9,0,0
90,46,76.1,0,0
90,45,78.1,0,0
90,44,71.0,0,0
90,43,75.7,0,0
90,42,64.9,0,0
90,41,66.6,0,0
90,40,62.9,0,0
90,39,65.2,0,0
90,38,56.1,0,0
90,37,58.4,0,0
90,36,60.8,0,0
90,35,55.7,0,0
90,34,56.1,0,0
90,33,54.2,0,0
90,32,54.6,0,0
90,31,54.3,0,0
90,30,47.9,0,0
90,29,46.0,0,1
90,28,45.3,0,1
90,27,44.3,0,1
90,26,44.7,0,1
90,25,41.5,0,1
90,24,36.3,0,1
90,23,36.5,0,1
90,22,31.5,0,1
90,21,30.6,0,1
90,20,27.9,1,1
90,19,26.3,1,1
90,18,26.6,1,1
90,17,23.0,1,1
90,16,23.1,1,1
90,15,21.7,1,1
90,14,21.3,1,1
90,13,18.8,1,1
90,12,17.2,1,1
90,11,15.4,1,1
90,10,17.9,1,1
90,9,15.3,1,1
90,8,14.4,1,1
90,7,13.6,1,1
90,6,13.8,1,1
90,5,10.7,1,1
90,4,10.6,1,1
90,3,9.8,1,1
90,2,9.0,1,1
90,1,5.1,1,1
90,0,4.3,1,1
91,105,130.5,0,0
91,104,127.6,0,0
91,103,131.4,0,0
91,102,127.8,0,0
91,101,123.6,0,0
91,100,112.1,0,0
91,99,120.6,0,0
91,98,121.5,0,0
91,97,119.1,0,0
91,96,119.5,0,0
91,95,116.3,0,0
91,94,122.6,0,0
91,93,116.7,0,0
91,92,120.2,0,0
91,91,125.3,0,0
91,90,103.1,0,0
91,89,91.8,0,0
91,88,85.2,0,0
91,87,88.5,0,0
91,86,97.4,0,0
91,85,99.8,0,0
91,84,100.1,0,0
91,83,109.8,0,0
91,82,110.3,0,0
91,81,106.0,0,0
91,80,91.9,0,0
91,79,99.3,0,0
91,78,90.2,0,0
91,77,75.9,0,0
91,76,79.3,0,0
91,75,71.1,0,0
91,74,67.4,0,0
91,73,78.3,0,0
91,72,78.6,0,0
91,71,76.8,0,0
91,70,76.9,0,0
91,69,79.2,0,0
91,68,71.8,0,0
91,67,79.1,0,0
91,66,76.2,0,0
91,65,81.7,0,0
91,64,82.4,0,0
91,63,80.9,0,0
91,62,82.3,0,0
91,61,81.0,0,0
91,60,73.9,0,0
91,59,74.0,0,0
91,58,68.4,0,0
91,57,64.9,0,0
91,56,66.7,0,0
91,55,67.9,0,0
91,54,69.3,0,0
91,53,67.8,0,0
91,52,64.7,0,0
91,51,63.2,0,0
91,50,63.7,0,0
91,49,63.3,0,0
91,48,60.3,0,0
91,47,60.6,0,0
91,46,60.3,0,0
91,45,61.7,0,0
91,44,66.3,0,0
91,43,52.9,0,0
91,42,48.6,0,0
91,41,46.2,0,0
91,40,44.2,0,0
91,39,44.6,0,0
91,38,45.8,0,0
91,37,51.8,0,0
91,36,46.0,0,0
91,35,44.5,0,0
91,34,44.4,0,0
91,33,42.5,0,0
91,32,45.0,0,0
91,31,50.5,0,0
91,30,47.7,0,0
91,29,48.3,0,1
91,28,47.4,0,1
91,27,45.6,0,1
91,26,39.5,0,1
91,25,42.1,0,1
91,24,36.3,0,1
91,23,34.2,0,1
91,22,32.1,0,1
91,21,30.7,0,1
91,20,30.4,0,1
91,19,25.8,1,1
91,18,27.8,1,1
91,17,30.2,0,1
91,16,26.1,1,1
91,15,25.3,1,1
91,14,23.5,1,1
91,13,23.3,1,1
91,12,24.1,1,1
91,11,22.0,1,1
91,10,19.0,1,1
91,9,14.4,1,1
91,8,12.5,1,1
91,7,10.3,1,1
91,6,10.9,1,1
91,5,7.9,1,1
91,4,9.6,1,1
91,3,5.3,1,1
91,2,5.0,1,1
91,1,2.2,1,1
91,0,2.2,1,1
92,311,126.4,0,0
92,310,122.2,0,0
92,309,125.6,0,0
92,308,128.0,0,0
92,307,131.7,0,0
92,306,141.0,0,0
92,305,128.2,0,0
92,304,129.1,0,0
92,303,126.8,0,0
92,302,124.5,0,0
92,301,127.7,0,0
92,300,129.9,0,0
92,299,126.6,0,0
92,298,123.9,0,0
92,297,123.7,0,0
92,296,123.5,0,0
92,295,118.8,0,0
92,294,117.0,0,0
92,293,118.5,0,0
92,292,121.5,0,0
92,291,122.1,0,0
92,290,121.3,0,0
92,289,119.2,0,0
92,288,121.0,0,0
92,287,121.4,0,0
92,286,122.3,0,0
92,285,128.0,0,0
92,284,128.4,0,0
92,283,130.2,0,0
92,282,129.3,0,0
92,281,117.1,0,0
92,280,124.2,0,0
92,279,125.7,0,0
92,278,124.8,0,0
92,277,125.1,0,0
92,276,122.2,0,0
92,275,124.2,0,0
92,274,125.5,0,0
92,273,126.8,0,0
92,272,133.0,0,0
92,271,132.9,0,0
92,270,131.4,0,0
92,269,131.0,0,0
92,268,132.0,0,0
92,267,128.6,0,0
92,266,132.1,0,0
92,265,132.8,0,0
92,264,134.0,0,0
92,263,130.3,0,0
92,262,135.4,0,0
92,261,134.8,0,0
92,260,132.9,0,0
92,259,134.8,0,0
92,258,132.7,0,0
92,257,125.2,0,0
92,256,127.3,0,0
92,255,124.4,0,0
92,254,126.6,0,0
92,253,121.3,0,0
92,252,124.4,0,0
92,251,121.0,0,0
92,250,117.8,0,0
92,249,116.1,0,0
92,248,114.4,0,0
92,247,114.1,0,0
92,246,116.0,0,0
92,245,117.2,0,0
92,244,118.8,0,0
92,243,119.4,0,0
92,242,120.9,0,0
92,241,118.1,0,0
92,240,113.9,0,0
92,239,108.5,0,0
92,238,107.5,0,0
92,237,103.9,0,0
92,236,99.2,0,0
92,235,107.8,0,0
92,234,114.0,0,0
92,233,109.7,0,0
92,232,104.2,0,0
92,231,126.6,0,0
92,230,115.9,0,0
92,229,119.6,0,0
92,228,122.8,0,0
92,227,124.4,0,0
92,226,123.2,0,0
92,225,121.4,0,0
92,224,120.2,0,0
92,223,109.5,0,0
92,222,105.6,0,0
92,221,109.9,0,0
92,220,105.4,0,0
92,219,105.0,0,0
92,218,106.6,0,0
92,217,102.6,0,0
92,216,101.2,0,0
92,215,102.6,0,0
92,214,99.8,0,0
92,213,106.7,0,0
92,212,104.8,0,0
92,211,98.8,0,0
92,210,98.5,0,0
92,209,100.8,0,0
92,208,101.6,0,0
92,207,101.4,0,0
92,206,99.7,0,0
92,205,94.9,0,0
92,204,96.2,0,0
92,203,95.6,0,0
92,202,94.5,0,0
92,201,95.3,0,0
92,200,99.7,0,0
92,199,96.5,0,0
92,198,97.6,0,0
92,197,97.7,0,0
92,196,97.8,0,0
92,195,105.8,0,0
92,194,102.2,0,0
92,193,86.7,0,0
92,192,84.1,0,0
92,191,82.7,0,0
92,190,79.0,0,0
92,189,82.3,0,0
92,188,87.3,0,0
92,187,88.4,0,0
92,186,86.4,0,0
92,185,87.8,0,0
92,184,96.7,0,0
92,183,108.6,0,0
92,182,98.8,0,0
92,181,94.6,0,0
92,180,99.2,0,0
92,179,110.2,0,0
92,178,89.9,0,0
92,177,88.4,0,0
92,176,80.6,0,0
92,175,89.2,0,0
92,174,81.9,0,0
92,173,83.7,0,0
92,172,80.5,0,0
92,171,83.2,0,0
92,170,86.6,0,0
92,169,85.3,0,0
92,168,81.0,0,0
92,167,79.2,0,0
92,166,88.0,0,0
92,165,84.8,0,0
92,164,82.1,0,0
92,163,77.2,0,0
92,162,89.6,0,0
92,161,90.6,0,0
92,160,84.6,0,0
92,159,99.6,0,0
92,158,81.6,0,0
92,157,79.1,0,0
92,156,81.7,0,0
92,155,86.8,0,0
92,154,92.5,0,0
92,153,94.8,0,0
92,152,94.1,0,0
92,151,91.0,0,0
92,150,91.4,0,0
92,149,91.6,0,0
92,148,92.9,0,0
92,147,90.4,0,0
92,146,90.4,0,0
92,145,87.8,0,0
92,144,82.2,0,0
92,143,83.7,0,0
92,142,85.8,0,0
92,141,88.6,0,0
92,140,88.6,0,0
92,139,86.4,0,0
92,138,87.3,0,0
92,137,86.5,0,0
92,136,86.3,0,0
92,135,90.7,0,0
92,134,89.8,0,0
92,133,90.9,0,0
92,132,91.5,0,0
92,131,91.9,0,0
92,130,89.8,0,0
92,129,87.1,0,0
92,128,84.9,0,0
92,127,87.3,0,0
92,126,91.4,0,0
92,125,89.1,0,0
92,124,90.0,0,0
92,123,90.2,0,0
92,122,82.2,0,0
92,121,81.5,0,0
92,120,83.7,0,0
92,119,79.9,0,0
92,118,75.3,0,0
92,117,75.0,0,0
92,116,77.0,0,0
92,115,77.8,0,0
92,114,75.2,0,0
92,113,79.8,0,0
92,112,80.7,0,0
92,111,77.9,0,0
92,110,70.2,0,0
92,109,70.8,0,0
92,108,65.4,0,0
92,107,64.7,0,0
92,106,66.1,0,0
92,105,61.0,0,0
92,104,61.4,0,0
92,103,56.2,0,0
92,102,62.9,0,0
92,101,62.4,0,0
92,100,61.9,0,0
92,99,59.2,0,0
92,98,64.3,0,0
92,97,62.9,0,0
92,96,58.7,0,0
92,95,59.8,0,0
92,94,58.4,0,0
92,93,58.7,0,0
92,92,55.2,0,0
92,91,53.3,0,0
92,90,50.9,0,0
92,89,53.8,0,0
92,88,54.6,0,0
92,87,52.4,0,0
92,86,49.3,0,0
92,85,53.0,0,0
92,84,50.3,0,0
92,83,50.2,0,0
92,82,50.7,0,0
92,81,46.5,0,0
92,80,47.3,0,0
92,79,47.6,0,0
92,78,45.2,0,0
92,77,44.5,0,0
92,76,44.5,0,0
92,75,40.8,0,0
92,74,41.9,0,0
92,73,43.5,0,0
92,72,41.4,0,0
92,71,41.5,0,0
92,70,42.8,0,0
92,69,41.1,0,0
92,68,41.2,0,0
92,67,40.6,0,0
92,66,40.3,0,0
92,65,37.9,0,0
92,64,36.6,0,0
92,63,35.4,0,0
92,62,37.6,0,0
92,61,36.0,0,0
92,60,39.3,0,0
92,59,43.3,0,0
92,58,43.2,0,0
92,57,40.5,0,0
92,56,37.2,0,0
92,55,35.1,0,0
92,54,34.9,0,0
92,53,35.1,0,0
92,52,36.0,0,0
92,51,34.6,0,0
92,50,35.8,0,0
92,49,35.1,0,0
92,48,35.3,0,0
92,47,33.7,0,0
92,46,35.0,0,0
92,45,31.4,0,0
92,44,36.3,0,0
92,43,35.1,0,0
92,42,32.5,0,0
92,41,34.1,0,0
92,40,34.9,0,0
92,39,32.1,0,0
92,38,31.7,0,0
92,37,33.2,0,0
92,36,36.5,0,0
92,35,35.5,0,0
92,34,27.2,1,0
92,33,30.0,0,0
92,32,24.9,1,0
92,31,23.2,1,0
92,30,22.3,1,0
92,29,22.6,1,1
92,28,22.5,1,1
92,27,19.7,1,1
92,26,22.8,1,1
92,25,20.4,1,1
92,24,18.6,1,1
92,23,17.1,1,1
92,22,17.2,1,1
92,21,16.2,1,1
92,20,14.5,1,1
92,19,13.5,1,1
92,18,13.1,1,1
92,17,12.4,1,1
92,16,12.8,1,1
92,15,11.0,1,1
92,14,11.1,1,1
92,13,11.0,1,1
92,12,12.0,1,1
92,11,12.3,1,1
92,10,11.6,1,1
92,9,11.1,1,1
92,8,9.9,1,1
92,7,9.5,1,1
92,6,6.8,1,1
92,5,5.1,1,1
92,4,8.4,1,1
92,3,5.2,1,1
92,2,5.0,1,1
92,1,5.1,1,1
92,0,5.6,1,1
93,125,175.2,0,0
93,124,178.3,0,0
93,123,169.0,0,0
93,122,176.0,0,0
93,121,175.9,0,0
93,120,173.4,0,0
93,119,163.3,0,0
93,118,171.5,0,0
93,117,171.0,0,0
93,116,167.3,0,0
93,115,163.1,0,0
93,114,157.3,0,0
93,113,158.6,0,0
93,112,159.6,0,0
93,111,157.6,0,0
93,110,160.0,0,0
93,109,165.1,0,0
93,108,164.2,0,0
93,107,161.6,0,0
93,106,164.8,0,0
93,105,160.6,0,0
93,104,164.6,0,0
93,103,162.9,0,0
93,102,160.6,0,0
93,101,156.2,0,0
93,100,145.6,0,0
93,99,147.7,0,0
93,98,154.0,0,0
93,97,148.6,0,0
93,96,142.1,0,0
93,95,137.2,0,0
93,94,140.4,0,0
93,93,139.8,0,0
93,92,130.5,0,0
93,91,131.4,0,0
93,90,134.7,0,0
93,89,134.6,0,0
93,88,130.9,0,0
93,87,133.1,0,0
93,86,134.2,0,0
93,85,132.3,0,0
93,84,134.0,0,0
93,83,132.1,0,0
93,82,137.9,0,0
93,81,133.0,0,0
93,80,136.7,0,0
93,79,137.2,0,0
93,78,135.5,0,0
93,77,138.9,0,0
93,76,139.1,0,0
93,75,138.3,0,0
93,74,120.8,0,0
93,73,118.8,0,0
93,72,115.0,0,0
93,71,111.8,0,0
93,70,110.4,0,0
93,69,107.9,0,0
93,68,108.7,0,0
93,67,114.0,0,0
93,66,120.5,0,0
93,65,115.7,0,0
93,64,115.2,0,0
93,63,115.6,0,0
93,62,111.0,0,0
93,61,112.0,0,0
93,60,103.7,0,0
93,59,103.7,0,0
93,58,103.2,0,0
93,57,105.9,0,0
93,56,105.9,0,0
93,55,103.3,0,0
93,54,96.0,0,0
93,53,95.1,0,0
93,52,96.7,0,0
93,51,93.6,0,0
93,50,92.2,0,0
93,49,93.7,0,0
93,48,85.0,0,0
93,47,80.2,0,0
93,46,71.8,0,0
93,45,67.4,0,0
93,44,65.7,0,0
93,43,67.5,0,0
93,42,65.6,0,0
93,41,59.9,0,0
93,40,64.3,0,0
93,39,62.0,0,0
93,38,59.8,0,0
93,37,54.5,0,0
93,36,47.9,0,0
93,35,46.3,0,0
93,34,49.0,0,0
93,33,48.6,0,0
93,32,45.7,0,0
93,31,46.4,0,0
93,30,32.7,0,0
93,29,35.0,0,1
93,28,41.0,0,1
93,27,42.2,0,1
93,26,44.0,0,1
93,25,41.4,0,1
93,24,41.6,0,1
93,23,35.4,0,1
93,22,35.3,0,1
93,21,33.2,0,1
93,20,34.3,0,1
93,19,32.3,0,1
93,18,31.9,0,1
93,17,30.6,0,1
93,16,32.3,0,1
93,15,28.6,1,1
93,14,26.3,1,1
93,13,23.2,1,1
93,12,24.4,1,1
93,11,17.8,1,1
93,10,12.4,1,1
93,9,11.0,1,1
93,8,9.3,1,1
93,7,8.3,1,1
93,6,7.1,1,1
93,5,7.5,1,1
93,4,4.3,1,1
93,3,3.2,1,1
93,2,3.6,1,1
93,1,2.9,1,1
93,0,2.8,1,1
94,228,134.8,0,0
94,227,136.1,0,0
94,226,131.8,0,0
94,225,139.5,0,0
94,224,135.4,0,0
94,223,131.0,0,0
94,222,136.2,0,0
94,221,134.3,0,0
94,220,136.4,0,0
94,219,137.7,0,0
94,218,134.4,0,0
94,217,129.7,0,0
94,216,132.0,0,0
94,215,130.2,0,0
94,214,134.3,0,0
94,213,134.0,0,0
94,212,134.9,0,0
94,211,134.9,0,0
94,210,143.4,0,0
94,209,134.4,0,0
94,208,134.8,0,0
94,207,139.3,0,0
94,206,139.2,0,0
94,205,135.6,0,0
94,204,133.9,0,0
94,203,130.9,0,0
94,202,123.6,0,0
94,201,127.6,0,0
94,200,137.2,0,0
94,199,136.1,0,0
94,198,138.1,0,0
94,197,133.2,0,0
94,196,136.3,0,0
94,195,141.2,0,0
94,194,132.7,0,0
94,193,139.4,0,0
94,192,136.8,0,0
94,191,136.1,0,0
94,190,136.9,0,0
94,189,131.7,0,0
94,188,127.9,0,0
94,187,131.7,0,0
94,186,122.9,0,0
94,185,126.1,0,0
94,184,132.6,0,0
94,183,124.8,0,0
94,182,120.8,0,0
94,181,144.6,0,0
94,180,152.6,0,0
94,179,134.7,0,0
94,178,129.8,0,0
94,177,136.6,0,0
94,176,141.1,0,0
94,175,138.3,0,0
94,174,132.0,0,0
94,173,132.2,0,0
94,172,126.7,0,0
94,171,120.2,0,0
94,170,123.4,0,0
94,169,125.2,0,0
94,168,121.7,0,0
94,167,122.0,0,0
94,166,118.8,0,0
94,165,123.6,0,0
94,164,123.0,0,0
94,163,118.0,0,0
94,162,123.6,0,0
94,161,119.3,0,0
94,160,124.9,0,0
94,159,117.2,0,0
94,158,126.6,0,0
94,157,121.1,0,0
94,156,120.8,0,0
94,155,121.5,0,0
94,154,123.9,0,0
94,153,112.9,0,0
94,152,99.2,0,0
94,151,102.5,0,0
94,150,104.3,0,0
94,149,97.8,0,0
94,148,100.1,0,0
94,147,101.8,0,0
94,146,100.9,0,0
94,145,107.5,0,0
94,144,99.2,0,0
94,143,104.4,0,0
94,142,101.6,0,0
94,141,98.4,0,0
94,140,97.6,0,0
94,139,107.7,0,0
94,138,105.7,0,0
94,137,104.5,0,0
94,136,98.1,0,0
94,135,99.6,0,0
94,134,95.9,0,0
94,133,98.3,0,0
94,132,102.0,0,0
94,131,100.7,0,0
94,130,106.2,0,0
94,129,99.8,0,0
94,128,92.7,0,0
94,127,92.1,0,0
94,126,95.3,0,0
94,125,99.3,0,0
94,124,101.7,0,0
94,123,103.5,0,0
94,122,101.0,0,0
94,121,89.6,0,0
94,120,90.4,0,0
94,119,95.3,0,0
94,118,99.1,0,0
94,117,88.7,0,0
94,116,91.7,0,0
94,115,97.2,0,0
94,114,101.8,0,0
94,113,98.4,0,0
94,112,96.2,0,0
94,111,94.4,0,0
94,110,88.6,0,0
94,109,86.5,0,0
94,108,93.9,0,0
94,107,94.0,0,0
94,106,90.4,0,0
94,105,83.1,0,0
94,104,80.9,0,0
94,103,73.4,0,0
94,102,66.9,0,0
94,101,66.1,0,0
94,100,65.6,0,0
94,99,66.6,0,0
94,98,64.7,0,0
94,97,66.1,0,0
94,96,66.0,0,0
94,95,62.5,0,0
94,94,64.5,0,0
94,93,60.4,0,0
94,92,70.5,0,0
94,91,75.3,0,0
94,90,74.5,0,0
94,89,77.6,0,0
94,88,71.7,0,0
94,87,59.6,0,0
94,86,72.0,0,0
94,85,64.5,0,0
94,84,70.1,0,0
94,83,65.1,0,0
94,82,69.5,0,0
94,81,68.3,0,0
94,80,70.1,0,0
94,79,65.6,0,0
94,78,67.8,0,0
94,77,63.1,0,0
94,76,62.5,0,0
94,75,63.1,0,0
94,74,63.9,0,0
94,73,65.7,0,0
94,72,64.4,0,0
94,71,61.0,0,0
94,70,61.5,0,0
94,69,58.5,0,0
94,68,56.9,0,0
94,67,55.5,0,0
94,66,58.2,0,0
94,65,61.8,0,0
94,64,55.6,0,0
94,63,54.2,0,0
94,62,56.0,0,0
94,61,55.0,0,0
94,60,58.6,0,0
94,59,52.3,0,0
94,58,48.5,0,0
94,57,45.7,0,0
94,56,43.7,0,0
94,55,38.1,0,0
94,54,39.7,0,0
94,53,39.4,0,0
94,52,38.7,0,0
94,51,37.0,0,0
94,50,41.7,0,0
94,49,42.2,0,0
94,48,41.6,0,0
94,47,42.4,0,0
94,46,41.5,0,0
94,45,41.8,0,0
94,44,37.2,0,0
94,43,36.6,0,0
94,42,35.3,0,0
94,41,35.7,0,0
94,40,38.7,0,0
94,39,37.4,0,0
94,38,33.8,0,0
94,37,35.1,0,0
94,36,31.3,0,0
94,35,29.7,1,0
94,34,28.8,1,0
94,33,29.4,1,0
94,32,32.3,0,0
94,31,26.9,1,0
94,30,26.2,1,0
94,29,25.3,1,1
94,28,29.3,1,1
94,27,25.0,1,1
94,26,26.8,1,1
94,25,25.7,1,1
94,24,25.2,1,1
94,23,26.4,1,1
94,22,20.4,1,1
94,21,19.6,1,1
94,20,21.2,1,1
94,19,20.9,1,1
94,18,17.3,1,1
94,17,20.1,1,1
94,16,17.2,1,1
94,15,16.3,1,1
94,14,15.5,1,1
94,13,15.5,1,1
94,12,12.1,1,1
94,11,10.4,1,1
94,10,10.4,1,1
94,9,10.2,1,1
94,8,9.3,1,1
94,7,8.2,1,1
94,6,7.8,1,1
94,5,5.6,1,1
94,4,5.1,1,1
94,3,5.1,1,1
94,2,4.3,1,1
94,1,3.9,1,1
94,0,3.2,1,1
95,253,209.4,0,0
95,252,195.7,0,0
95,251,194.0,0,0
95,250,190.3,0,0
95,249,173.6,0,0
95,248,178.9,0,0
95,247,180.6,0,0
95,246,162.4,0,0
95,245,163.1,0,0
95,244,176.1,0,0
95,243,171.7,0,0
95,242,168.2,0,0
95,241,155.5,0,0
95,240,153.7,0,0
95,239,152.7,0,0
95,238,147.7,0,0
95,237,158.0,0,0
95,236,168.8,0,0
95,235,161.5,0,0
95,234,147.6,0,0
95,233,141.8,0,0
95,232,154.2,0,0
95,231,149.6,0,0
95,230,149.5,0,0
95,229,148.9,0,0
95,228,149.9,0,0
95,227,150.0,0,0
95,226,149.8,0,0
95,225,156.9,0,0
95,224,153.4,0,0
95,223,154.1,0,0
95,222,153.7,0,0
95,221,156.7,0,0
95,220,163.1,0,0
95,219,158.3,0,0
95,218,160.3,0,0
95,217,164.0,0,0
95,216,160.3,0,0
95,215,170.3,0,0
95,214,189.3,0,0
95,213,180.7,0,0
95,212,194.8,0,0
95,211,192.2,0,0
95,210,197.7,0,0
95,209,200.1,0,0
95,208,203.2,0,0
95,207,189.7,0,0
95,206,192.8,0,0
95,205,202.0,0,0
95,204,165.8,0,0
95,203,156.0,0,0
95,202,148.6,0,0
95,201,145.3,0,0
95,200,145.7,0,0
95,199,147.2,0,0
95,198,148.8,0,0
95,197,146.0,0,0
95,196,149.6,0,0
95,195,149.7,0,0
95,194,153.2,0,0
95,193,156.8,0,0
95,192,163.0,0,0
95,191,153.3,0,0
95,190,152.9,0,0
95,189,155.5,0,0
95,188,147.6,0,0
95,187,142.6,0,0
95,186,143.1,0,0
95,185,134.8,0,0
95,184,136.2,0,0
95,183,139.6,0,0
95,182,136.1,0,0
95,181,132.8,0,0
95,180,139.7,0,0
95,179,133.7,0,0
95,178,132.7,0,0
95,177,138.4,0,0
95,176,132.2,0,0
95,175,133.5,0,0
95,174,131.7,0,0
95,173,129.8,0,0
95,172,128.9,0,0
95,171,125.0,0,0
95,170,128.3,0,0
95,169,125.8,0,0
95,168,124.7,0,0
95,167,123.8,0,0
95,166,133.6,0,0
95,165,132.9,0,0
95,164,134.5,0,0
95,163,143.0,0,0
95,162,136.9,0,0
95,161,143.2,0,0
95,160,144.7,0,0
95,159,143.7,0,0
95,158,145.0,0,0
95,157,145.8,0,0
95,156,134.5,0,0
95,155,130.5,0,0
95,154,122.8,0,0
95,153,123.2,0,0
95,152,127.3,0,0
95,151,130.5,0,0
95,150,130.4,0,0
95,149,123.9,0,0
95,148,118.2,0,0
95,147,115.4,0,0
95,146,117.0,0,0
95,145,116.6,0,0
95,144,119.7,0,0
95,143,109.4,0,0
95,142,112.9,0,0
95,141,107.2,0,0
95,140,106.7,0,0
95,139,103.2,0,0
95,138,105.1,0,0
95,137,104.8,0,0
95,136,100.5,0,0
95,135,106.3,0,0
95,134,111.1,0,0
95,133,112.0,0,0
95,132,113.5,0,0
95,131,117.7,0,0
95,130,115.7,0,0
95,129,112.2,0,0
95,128,110.8,0,0
95,127,111.8,0,0
95,126,106.4,0,0
95,125,103.6,0,0
95,124,102.6,0,0
95,123,92.3,0,0
95,122,89.8,0,0
95,121,90.0,0,0
95,120,90.4,0,0
95,119,97.5,0,0
95,118,96.0,0,0
95,117,102.5,0,0
95,116,101.8,0,0
95,115,100.4,0,0
95,114,103.2,0,0
95,113,104.0,0,0
95,112,104.9,0,0
95,111,107.1,0,0
95,110,106.1,0,0
95,109,100.4,0,0
95,108,94.0,0,0
95,107,96.2,0,0
95,106,94.7,0,0
95,105,96.8,0,0
95,104,84.6,0,0
95,103,85.5,0,0
95,102,78.7,0,0
95,101,79.6,0,0
95,100,84.5,0,0
95,99,87.4,0,0
95,98,80.6,0,0
95,97,78.4,0,0
95,96,78.1,0,0
95,95,65.4,0,0
95,94,69.7,0,0
95,93,66.1,0,0
95,92,65.5,0,0
95,91,65.6,0,0
95,90,65.2,0,0
95,89,69.6,0,0
95,88,65.9,0,0
95,87,67.7,0,0
95,86,69.3,0,0
95,85,68.4,0,0
95,84,66.9,0,0
95,83,65.9,0,0
95,82,68.5,0,0
95,81,67.1,0,0
95,80,68.0,0,0
95,79,69.6,0,0
95,78,64.8,0,0
95,77,63.9,0,0
95,76,64.0,0,0
95,75,64.3,0,0
95,74,64.6,0,0
95,73,60.0,0,0
95,72,58.0,0,0
95,71,57.3,0,0
95,70,54.8,0,0
95,69,56.5,0,0
95,68,55.3,0,0
95,67,54.6,0,0
95,66,52.8,0,0
95,65,54.3,0,0
95,64,53.3,0,0
95,63,52.7,0,0
95,62,53.3,0,0
95,61,51.9,0,0
95,60,53.4,0,0
95,59,56.5,0,0
95,58,55.1,0,0
95,57,55.5,0,0
95,56,57.2,0,0
95,55,52.4,0,0
95,54,49.8,0,0
95,53,49.5,0,0
95,52,50.5,0,0
95,51,43.3,0,0
95,50,46.7,0,0
95,49,46.8,0,0
95,48,46.4,0,0
95,47,45.2,0,0
95,46,44.9,0,0
95,45,36.6,0,0
95,44,31.8,0,0
95,43,31.7,0,0
95,42,30.7,0,0
95,41,35.3,0,0
95,40,35.2,0,0
95,39,34.8,0,0
95,38,32.5,0,0
95,37,30.6,0,0
95,36,31.2,0,0
95,35,33.4,0,0
95,34,31.6,0,0
95,33,29.4,1,0
95,32,30.3,0,0
95,31,27.2,1,0
95,30,26.4,1,0
95,29,24.6,1,1
95,28,26.1,1,1
95,27,26.1,1,1
95,26,23.9,1,1
95,25,23.9,1,1
95,24,24.8,1,1
95,23,24.0,1,1
95,22,21.2,1,1
95,21,20.3,1,1
95,20,20.1,1,1
95,19,19.8,1,1
95,18,17.1,1,1
95,17,19.1,1,1
95,16,17.6,1,1
95,15,17.5,1,1
95,14,15.9,1,1
95,13,11.5,1,1
95,12,10.3,1,1
95,11,10.1,1,1
95,10,7.7,1,1
95,9,7.5,1,1
95,8,5.4,1,1
95,7,4.9,1,1
95,6,4.4,1,1
95,5,3.9,1,1
95,4,3.9,1,1
95,3,2.8,1,1
95,2,2.6,1,1
95,1,2.6,1,1
95,0,1.5,1,1
96,306,168.6,0,0
96,305,160.2,0,0
96,304,167.4,0,0
96,303,165.9,0,0
96,302,160.1,0,0
96,301,169.5,0,0
96,300,169.7,0,0
96,299,165.3,0,0
96,298,160.9,0,0
96,297,156.7,0,0
96,296,156.2,0,0
96,295,156.7,0,0
96,294,155.2,0,0
96,293,154.7,0,0
96,292,156.5,0,0
96,291,158.9,0,0
96,290,151.7,0,0
96,289,150.7,0,0
96,288,155.6,0,0
96,287,159.0,0,0
96,286,158.5,0,0
96,285,163.3,0,0
96,284,163.8,0,0
96,283,158.0,0,0
96,282,155.5,0,0
96,281,160.9,0,0
96,280,160.5,0,0
96,279,154.8,0,0
96,278,152.4,0,0
96,277,152.7,0,0
96,276,148.5,0,0
96,275,143.8,0,0
96,274,143.5,0,0
96,273,143.5,0,0
96,272,143.3,0,0
96,271,148.3,0,0
96,270,152.5,0,0
96,269,153.5,0,0
96,268,152.6,0,0
96,267,152.6,0,0
96,266,144.7,0,0
96,265,149.2,0,0
96,264,147.7,0,0
96,263,146.7,0,0
96,262,145.6,0,0
96,261,133.4,0,0
96,260,137.7,0,0
96,259,144.0,0,0
96,258,137.0,0,0
96,257,141.8,0,0
96,256,145.2,0,0
96,255,143.5,0,0
96,254,137.6,0,0
96,253,140.8,0,0
96,252,143.7,0,0
96,251,147.7,0,0
96,250,154.7,0,0
96,249,156.4,0,0
96,248,155.4,0,0
96,247,149.0,0,0
96,246,150.7,0,0
96,245,147.5,0,0
96,244,146.7,0,0
96,243,163.5,0,0
96,242,180.8,0,0
96,241,160.6,0,0
96,240,193.5,0,0
96,239,195.2,0,0
96,238,204.8,0,0
96,237,190.7,0,0
96,236,179.4,0,0
96,235,201.5,0,0
96,234,202.0,0,0
96,233,211.3,0,0
96,232,198.6,0,0
96,231,213.4,0,0
96,230,197.3,0,0
96,229,195.5,0,0
96,228,186.7,0,0
96,227,201.5,0,0
96,226,210.3,0,0
96,225,209.5,0,0
96,224,197.1,0,0
96,223,212.6,0,0
96,222,189.9,0,0
96,221,173.9,0,0
96,220,170.7,0,0
96,219,169.4,0,0
96,218,168.7,0,0
96,217,134.4,0,0
96,216,133.1,0,0
96,215,133.7,0,0
96,214,132.6,0,0
96,213,128.3,0,0
96,212,150.7,0,0
96,211,157.0,0,0
96,210,138.2,0,0
96,209,155.2,0,0
96,208,154.8,0,0
96,207,157.5,0,0
96,206,152.9,0,0
96,205,149.3,0,0
96,204,148.0,0,0
96,203,146.2,0,0
96,202,147.0,0,0
96,201,137.1,0,0
96,200,133.9,0,0
96,199,127.1,0,0
96,198,125.7,0,0
96,197,136.4,0,0
96,196,138.9,0,0
96,195,124.6,0,0
96,194,125.2,0,0
96,193,125.7,0,0
96,192,128.0,0,0
96,191,121.3,0,0
96,190,121.4,0,0
96,189,127.1,0,0
96,188,126.5,0,0
96,187,135.1,0,0
96,186,134.1,0,0
96,185,127.9,0,0
96,184,123.9,0,0
96,183,122.4,0,0
96,182,124.7,0,0
96,181,130.2,0,0
96,180,125.0,0,0
96,179,110.4,0,0
96,178,109.0,0,0
96,177,105.4,0,0
96,176,107.8,0,0
96,175,108.1,0,0
96,174,107.6,0,0
96,173,108.7,0,0
96,172,108.4,0,0
96,171,107.9,0,0
96,170,121.8,0,0
96,169,122.8,0,0
96,168,140.1,0,0
96,167,141.6,0,0
96,166,139.1,0,0
96,165,125.3,0,0
96,164,121.4,0,0
96,163,113.0,0,0
96,162,114.3,0,0
96,161,113.6,0,0
96,160,116.6,0,0
96,159,116.8,0,0
96,158,111.5,0,0
96,157,105.2,0,0
96,156,102.0,0,0
96,155,109.8,0,0
96,154,104.7,0,0
96,153,109.2,0,0
96,152,109.8,0,0
96,151,111.7,0,0
96,150,120.1,0,0
96,149,117.9,0,0
96,148,120.8,0,0
96,147,109.1,0,0
96,146,104.0,0,0
96,145,104.7,0,0
96,144,103.6,0,0
96,143,95.9,0,0
96,142,95.9,0,0
96,141,98.4,0,0
96,140,100.1,0,0
96,139,99.4,0,0
96,138,92.7,0,0
96,137,99.2,0,0
96,136,94.5,0,0
96,135,95.8,0,0
96,134,95.3,0,0
96,133,89.5,0,0
96,132,95.9,0,0
96,131,93.8,0,0
96,130,95.1,0,0
96,129,89.4,0,0
96,128,93.5,0,0
96,127,92.6,0,0
96,126,93.6,0,0
96,125,85.0,0,0
96,124,81.7,0,0
96,123,78.9,0,0
96,122,83.0,0,0
96,121,81.7,0,0
96,120,81.4,0,0
96,119,81.7,0,0
96,118,78.6,0,0
96,117,78.0,0,0
96,116,76.8,0,0
96,115,77.8,0,0
96,114,75.4,0,0
96,113,71.0,0,0
96,112,74.2,0,0
96,111,73.8,0,0
96,110,73.3,0,0
96,109,70.0,0,0
96,108,74.9,0,0
96,107,74.9,0,0
96,106,72.7,0,0
96,105,69.9,0,0
96,104,68.0,0,0
96,103,69.7,0,0
96,102,69.1,0,0
96,101,70.2,0,0
96,100,72.8,0,0
96,99,76.4,0,0
96,98,65.6,0,0
96,97,66.3,0,0
96,96,64.1,0,0
96,95,68.3,0,0
96,94,65.8,0,0
96,93,66.1,0,0
96,92,69.2,0,0
96,91,60.1,0,0
96,90,60.2,0,0
96,89,57.1,0,0
96,88,61.1,0,0
96,87,57.5,0,0
96,86,60.1,0,0
96,85,58.2,0,0
96,84,57.9,0,0
96,83,55.2,0,0
96,82,57.7,0,0
96,81,56.3,0,0
96,80,53.5,0,0
96,79,53.9,0,0
96,78,51.5,0,0
96,77,51.6,0,0
96,76,52.2,0,0
96,75,52.2,0,0
96,74,49.3,0,0
96,73,51.1,0,0
96,72,51.2,0,0
96,71,52.7,0,0
96,70,48.7,0,0
96,69,49.7,0,0
96,68,49.3,0,0
96,67,44.4,0,0
96,66,44.4,0,0
96,65,45.3,0,0
96,64,45.8,0,0
96,63,42.2,0,0
96,62,40.6,0,0
96,61,41.1,0,0
96,60,39.1,0,0
96,59,37.5,0,0
96,58,36.0,0,0
96,57,35.7,0,0
96,56,35.3,0,0
96,55,38.3,0,0
96,54,36.9,0,0
96,53,34.3,0,0
96,52,32.3,0,0
96,51,34.4,0,0
96,50,32.0,0,0
96,49,30.8,0,0
96,48,30.7,0,0
96,47,30.2,0,0
96,46,30.7,0,0
96,45,28.1,1,0
96,44,29.0,1,0
96,43,26.4,1,0
96,42,25.7,1,0
96,41,23.6,1,0
96,40,25.3,1,0
96,39,26.2,1,0
96,38,26.4,1,0
96,37,27.0,1,0
96,36,25.6,1,0
96,35,21.2,1,0
96,34,24.3,1,0
96,33,22.9,1,0
96,32,22.2,1,0
96,31,21.6,1,0
96,30,24.0,1,0
96,29,24.1,1,1
96,28,19.0,1,1
96,27,24.2,1,1
96,26,19.3,1,1
96,25,20.7,1,1
96,24,18.3,1,1
96,23,17.9,1,1
96,22,14.9,1,1
96,21,16.7,1,1
96,20,14.9,1,1
96,19,13.4,1,1
96,18,15.7,1,1
96,17,14.7,1,1
96,16,13.9,1,1
96,15,14.9,1,1
96,14,13.3,1,1
96,13,10.6,1,1
96,12,13.2,1,1
96,11,10.7,1,1
96,10,9.5,1,1
96,9,9.8,1,1
96,8,7.1,1,1
96,7,5.4,1,1
96,6,5.9,1,1
96,5,6.9,1,1
96,4,5.6,1,1
96,3,4.9,1,1
96,2,4.8,1,1
96,1,4.4,1,1
96,0,4.6,1,1
97,172,140.1,0,0
97,171,141.3,0,0
97,170,145.7,0,0
97,169,143.6,0,0
97,168,144.5,0,0
97,167,148.6,0,0
97,166,148.5,0,0
97,165,149.1,0,0
97,164,151.9,0,0
97,163,148.3,0,0
97,162,149.7,0,0
97,161,143.8,0,0
97,160,151.2,0,0
97,159,149.3,0,0
97,158,148.8,0,0
97,157,150.9,0,0
97,156,151.4,0,0
97,155,150.6,0,0
97,154,142.5,0,0
97,153,141.2,0,0
97,152,144.0,0,0
97,151,144.3,0,0
97,150,149.4,0,0
97,149,142.7,0,0
97,148,142.6,0,0
97,147,140.6,0,0
97,146,140.5,0,0
97,145,141.8,0,0
97,144,139.6,0,0
97,143,141.3,0,0
97,142,143.8,0,0
97,141,139.9,0,0
97,140,146.4,0,0
97,139,143.4,0,0
97,138,142.6,0,0
97,137,141.6,0,0
97,136,145.6,0,0
97,135,141.4,0,0
97,134,134.5,0,0
97,133,135.7,0,0
97,132,135.7,0,0
97,131,134.8,0,0
97,130,124.3,0,0
97,129,122.7,0,0
97,128,125.6,0,0
97,127,124.3,0,0
97,126,121.0,0,0
97,125,111.8,0,0
97,124,122.2,0,0
97,123,121.5,0,0
97,122,115.6,0,0
97,121,119.0,0,0
97,120,119.5,0,0
97,119,117.7,0,0
97,118,123.3,0,0
97,117,118.9,0,0
97,116,118.9,0,0
97,115,123.0,0,0
97,114,125.1,0,0
97,113,127.0,0,0
97,112,128.8,0,0
97,111,131.3,0,0
97,110,127.0,0,0
97,109,121.8,0,0
97,108,131.6,0,0
97,107,147.8,0,0
97,106,146.7,0,0
97,105,145.8,0,0
97,104,141.7,0,0
97,103,134.1,0,0
97,102,127.1,0,0
97,101,124.5,0,0
97,100,124.4,0,0
97,99,123.1,0,0
97,98,116.1,0,0
97,97,120.8,0,0
97,96,113.7,0,0
97,95,106.1,0,0
97,94,111.6,0,0
97,93,105.6,0,0
97,92,99.3,0,0
97,91,92.8,0,0
97,90,89.6,0,0
97,89,87.3,0,0
97,88,86.7,0,0
97,87,90.3,0,0
97,86,90.6,0,0
97,85,88.0,0,0
97,84,87.7,0,0
97,83,85.8,0,0
97,82,82.8,0,0
97,81,84.2,0,0
97,80,84.9,0,0
97,79,84.3,0,0
97,78,85.8,0,0
97,77,80.1,0,0
97,76,78.7,0,0
97,75,76.2,0,0
97,74,79.6,0,0
97,73,74.8,0,0
97,72,74.7,0,0
97,71,73.4,0,0
97,70,69.3,0,0
97,69,76.9,0,0
97,68,76.1,0,0
97,67,71.8,0,0
97,66,71.4,0,0
97,65,71.8,0,0
97,64,68.6,0,0
97,63,68.7,0,0
97,62,70.4,0,0
97,61,68.0,0,0
97,60,73.2,0,0
97,59,74.3,0,0
97,58,66.9,0,0
97,57,65.7,0,0
97,56,65.3,0,0
97,55,62.2,0,0
97,54,61.2,0,0
97,53,62.4,0,0
97,52,61.9,0,0
97,51,55.0,0,0
97,50,53.8,0,0
97,49,52.5,0,0
97,48,56.1,0,0
97,47,55.1,0,0
97,46,55.4,0,0
97,45,51.4,0,0
97,44,46.9,0,0
97,43,49.4,0,0
97,42,46.7,0,0
97,41,49.7,0,0
97,40,47.4,0,0
97,39,42.7,0,0
97,38,37.5,0,0
97,37,40.1,0,0
97,36,38.0,0,0
97,35,37.9,0,0
97,34,40.7,0,0
97,33,39.2,0,0
97,32,41.0,0,0
97,31,43.6,0,0
97,30,42.0,0,0
97,29,40.8,0,1
97,28,40.3,0,1
97,27,40.7,0,1
97,26,38.6,0,1
97,25,35.2,0,1
97,24,31.1,0,1
97,23,28.7,1,1
97,22,25.8,1,1
97,21,27.2,1,1
97,20,22.0,1,1
97,19,19.0,1,1
97,18,19.9,1,1
97,17,19.2,1,1
97,16,17.2,1,1
97,15,15.5,1,1
97,14,14.4,1,1
97,13,14.9,1,1
97,12,12.9,1,1
97,11,12.2,1,1
97,10,9.1,1,1
97,9,8.8,1,1
97,8,7.0,1,1
97,7,5.1,1,1
97,6,4.7,1,1
97,5,4.4,1,1
97,4,3.4,1,1
97,3,1.7,1,1
97,2,1.1,1,1
97,1,0.4,1,1
97,0,0.5,1,1
98,126,126.9,0,0
98,125,122.6,0,0
98,124,129.1,0,0
98,123,135.2,0,0
98,122,138.2,0,0
98,121,143.4,0,0
98,120,137.8,0,0
98,119,140.0,0,0
98,118,152.1,0,0
98,117,150.7,0,0
98,116,141.9,0,0
98,115,149.5,0,0
98,114,148.1,0,0
98,113,145.9,0,0
98,112,147.4,0,0
98,111,145.4,0,0
98,110,128.5,0,0
98,109,132.9,0,0
98,108,133.8,0,0
98,107,122.7,0,0
98,106,131.1,0,0
98,105,125.1,0,0
98,104,122.2,0,0
98,103,118.9,0,0
98,102,117.4,0,0
98,101,109.2,0,0
98,100,116.2,0,0
98,99,114.7,0,0
98,98,126.0,0,0
98,97,120.6,0,0
98,96,123.5,0,0
98,95,128.3,0,0
98,94,108.6,0,0
98,93,100.0,0,0
98,92,95.2,0,0
98,91,91.2,0,0
98,90,101.1,0,0
98,89,94.3,0,0
98,88,95.0,0,0
98,87,88.1,0,0
98,86,85.1,0,0
98,85,82.8,0,0
98,84,81.4,0,0
98,83,82.6,0,0
98,82,85.9,0,0
98,81,82.1,0,0
98,80,89.3,0,0
98,79,85.0,0,0
98,78,79.7,0,0
98,77,76.6,0,0
98,76,79.2,0,0
98,75,73.4,0,0
98,74,71.3,0,0
98,73,73.6,0,0
98,72,75.4,0,0
98,71,68.7,0,0
98,70,68.8,0,0
98,69,64.1,0,0
98,68,69.8,0,0
98,67,67.3,0,0
98,66,70.3,0,0
98,65,72.0,0,0
98,64,64.4,0,0
98,63,61.8,0,0
98,62,60.3,0,0
98,61,54.8,0,0
98,60,55.2,0,0
98,59,60.4,0,0
98,58,61.0,0,0
98,57,55.6,0,0
98,56,57.5,0,0
98,55,50.3,0,0
98,54,51.9,0,0
98,53,54.3,0,0
98,52,54.6,0,0
98,51,51.7,0,0
98,50,52.3,0,0
98,49,54.1,0,0
98,48,55.8,0,0
98,47,49.0,0,0
98,46,50.4,0,0
98,45,47.3,0,0
98,44,46.9,0,0
98,43,50.1,0,0
98,42,44.6,0,0
98,41,46.2,0,0
98,40,46.1,0,0
98,39,44.1,0,0
98,38,41.9,0,0
98,37,42.9,0,0
98,36,43.4,0,0
98,35,41.9,0,0
98,34,41.0,0,0
98,33,41.6,0,0
98,32,39.4,0,0
98,31,42.9,0,0
98,30,33.2,0,0
98,29,30.9,0,1
98,28,33.3,0,1
98,27,30.8,0,1
98,26,28.3,1,1
98,25,27.5,1,1
98,24,28.2,1,1
98,23,25.5,1,1
98,22,27.4,1,1
98,21,26.8,1,1
98,20,24.8,1,1
98,19,23.4,1,1
98,18,22.4,1,1
98,17,20.9,1,1
98,16,20.7,1,1
98,15,19.8,1,1
98,14,19.3,1,1
98,13,17.5,1,1
98,12,15.1,1,1
98,11,13.0,1,1
98,10,11.9,1,1
98,9,8.5,1,1
98,8,7.7,1,1
98,7,6.3,1,1
98,6,5.3,1,1
98,5,4.6,1,1
98,4,5.1,1,1
98,3,3.8,1,1
98,2,3.8,1,1
98,1,3.8,1,1
98,0,2.6,1,1
99,155,219.7,0,0
99,154,224.4,0,0
99,153,225.9,0,0
99,152,219.7,0,0
99,151,208.1,0,0
99,150,211.8,0,0
99,149,223.2,0,0
99,148,225.3,0,0
99,147,217.6,0,0
99,146,213.2,0,0
99,145,215.1,0,0
99,144,221.1,0,0
99,143,221.4,0,0
99,142,208.4,0,0
99,141,215.4,0,0
99,140,223.5,0,0
99,139,217.5,0,0
99,138,217.2,0,0
99,137,216.2,0,0
99,136,194.7,0,0
99,135,196.6,0,0
99,134,200.9,0,0
99,133,205.1,0,0
99,132,188.8,0,0
99,131,177.2,0,0
99,130,178.7,0,0
99,129,166.2,0,0
99,128,154.8,0,0
99,127,158.1,0,0
99,126,157.7,0,0
99,125,136.4,0,0
99,124,139.3,0,0
99,123,135.8,0,0
99,122,133.1,0,0
99,121,133.5,0,0
99,120,155.8,0,0
99,119,156.6,0,0
99,118,150.7,0,0
99,117,159.2,0,0
99,116,166.3,0,0
99,115,168.2,0,0
99,114,160.9,0,0
99,113,162.1,0,0
99,112,165.2,0,0
99,111,166.5,0,0
99,110,160.9,0,0
99,109,164.5,0,0
99,108,159.3,0,0
99,107,159.0,0,0
99,106,155.5,0,0
99,105,157.6,0,0
99,104,146.3,0,0
99,103,143.3,0,0
99,102,153.2,0,0
99,101,154.1,0,0
99,100,126.3,0,0
99,99,128.9,0,0
99,98,129.3,0,0
99,97,130.6,0,0
99,96,129.4,0,0
99,95,143.2,0,0
99,94,147.1,0,0
99,93,145.4,0,0
99,92,148.6,0,0
99,91,153.1,0,0
99,90,143.0,0,0
99,89,146.1,0,0
99,88,146.3,0,0
99,87,140.2,0,0
99,86,138.4,0,0
99,85,130.4,0,0
99,84,125.4,0,0
99,83,123.0,0,0
99,82,118.4,0,0
99,81,109.1,0,0
99,80,108.2,0,0
99,79,106.9,0,0
99,78,111.9,0,0
99,77,121.9,0,0
99,76,120.4,0,0
99,75,121.4,0,0
99,74,119.0,0,0
99,73,119.8,0,0
99,72,111.7,0,0
99,71,99.6,0,0
99,70,106.8,0,0
99,69,104.0,0,0
99,68,97.1,0,0
99,67,99.4,0,0
99,66,95.8,0,0
99,65,97.3,0,0
99,64,91.2,0,0
99,63,93.1,0,0
99,62,90.1,0,0
99,61,102.2,0,0
99,60,102.3,0,0
99,59,100.4,0,0
99,58,97.9,0,0
99,57,103.5,0,0
99,56,105.2,0,0
99,55,100.9,0,0
99,54,98.6,0,0
99,53,84.7,0,0
99,52,84.5,0,0
99,51,91.8,0,0
99,50,92.6,0,0
99,49,97.6,0,0
99,48,86.7,0,0
99,47,79.7,0,0
99,46,79.7,0,0
99,45,80.2,0,0
99,44,83.2,0,0
99,43,82.2,0,0
99,42,84.7,0,0
99,41,82.1,0,0
99,40,66.1,0,0
99,39,61.1,0,0
99,38,60.9,0,0
99,37,61.1,0,0
99,36,62.3,0,0
99,35,61.8,0,0
99,34,61.4,0,0
99,33,54.4,0,0
99,32,49.0,0,0
99,31,49.3,0,0
99,30,53.0,0,0
99,29,55.3,0,1
99,28,54.0,0,1
99,27,46.2,0,1
99,26,49.1,0,1
99,25,48.6,0,1
99,24,45.2,0,1
99,23,45.8,0,1
99,22,38.3,0,1
99,21,39.8,0,1
99,20,38.1,0,1
99,19,37.3,0,1
99,18,32.0,0,1
99,17,27.7,1,1
99,16,24.9,1,1
99,15,24.5,1,1
99,14,23.8,1,1
99,13,19.1,1,1
99,12,18.6,1,1
99,11,18.5,1,1
99,10,16.8,1,1
99,9,18.0,1,1
99,8,18.5,1,1
99,7,13.3,1,1
99,6,14.5,1,1
99,5,8.2,1,1
99,4,6.4,1,1
99,3,5.4,1,1
99,2,3.9,1,1
99,1,3.7,1,1
99,0,4.4,1,1
100,170,179.9,0,0
100,169,178.6,0,0
100,168,175.0,0,0
100,167,174.6,0,0
100,166,169.7,0,0
100,165,162.1,0,0
100,164,185.5,0,0
100,163,193.3,0,0
100,162,195.4,0,0
100,161,200.9,0,0
100,160,200.6,0,0
100,159,184.2,0,0
100,158,177.5,0,0
100,157,176.1,0,0
100,156,180.8,0,0
100,155,204.9,0,0
100,154,169.9,0,0
100,153,167.0,0,0
100,152,162.6,0,0
100,151,168.5,0,0
100,150,167.1,0,0
100,149,200.1,0,0
100,148,160.6,0,0
100,147,173.6,0,0
100,146,155.3,0,0
100,145,169.3,0,0
100,144,194.8,0,0
100,143,185.7,0,0
100,142,194.7,0,0
100,141,171.7,0,0
100,140,162.5,0,0
100,139,165.3,0,0
100,138,157.5,0,0
100,137,147.9,0,0
100,136,157.3,0,0
100,135,157.5,0,0
100,134,151.2,0,0
100,133,157.8,0,0
100,132,143.6,0,0
100,131,152.1,0,0
100,130,148.0,0,0
100,129,138.6,0,0
100,128,149.5,0,0
100,127,165.7,0,0
100,126,161.6,0,0
100,125,152.1,0,0
100,124,153.2,0,0
100,123,155.5,0,0
100,122,155.9,0,0
100,121,154.5,0,0
100,120,145.2,0,0
100,119,148.4,0,0
100,118,154.6,0,0
100,117,152.3,0,0
100,116,144.9,0,0
100,115,143.2,0,0
100,114,142.9,0,0
100,113,139.6,0,0
100,112,140.7,0,0
100,111,133.1,0,0
100,110,132.2,0,0
100,109,133.2,0,0
100,108,133.2,0,0
100,107,133.9,0,0
100,106,133.2,0,0
100,105,131.3,0,0
100,104,122.7,0,0
100,103,126.9,0,0
100,102,119.3,0,0
100,101,118.0,0,0
100,100,110.0,0,0
100,99,114.3,0,0
100,98,112.1,0,0
100,97,100.8,0,0
100,96,105.2,0,0
100,95,113.8,0,0
100,94,113.0,0,0
100,93,110.2,0,0
100,92,106.4,0,0
100,91,101.2,0,0
100,90,100.8,0,0
100,89,105.4,0,0
100,88,104.2,0,0
100,87,103.2,0,0
100,86,102.7,0,0
100,85,102.1,0,0
100,84,100.0,0,0
100,83,97.5,0,0
100,82,98.6,0,0
100,81,100.5,0,0
100,80,93.0,0,0
100,79,93.2,0,0
100,78,93.7,0,0
100,77,97.3,0,0
100,76,89.2,0,0
100,75,89.0,0,0
100,74,83.0,0,0
100,73,79.3,0,0
100,72,76.8,0,0
100,71,79.9,0,0
100,70,82.0,0,0
100,69,80.7,0,0
100,68,78.6,0,0
100,67,73.6,0,0
100,66,74.5,0,0
100,65,72.0,0,0
100,64,67.1,0,0
100,63,68.3,0,0
100,62,75.5,0,0
100,61,71.6,0,0
100,60,65.3,0,0
100,59,66.4,0,0
100,58,64.9,0,0
100,57,61.9,0,0
100,56,62.6,0,0
100,55,63.2,0,0
100,54,62.8,0,0
100,53,56.7,0,0
100,52,61.6,0,0
100,51,51.7,0,0
100,50,55.2,0,0
100,49,55.7,0,0
100,48,63.4,0,0
100,47,62.4,0,0
100,46,56.7,0,0
100,45,52.7,0,0
100,44,48.6,0,0
100,43,45.8,0,0
100,42,44.2,0,0
100,41,44.9,0,0
100,40,44.0,0,0
100,39,43.4,0,0
100,38,38.2,0,0
100,37,39.2,0,0
100,36,42.2,0,0
100,35,40.0,0,0
100,34,33.9,0,0
100,33,34.1,0,0
100,32,32.6,0,0
100,31,32.6,0,0
100,30,31.0,0,0
100,29,32.9,0,1
100,28,29.3,1,1
100,27,25.2,1,1
100,26,23.8,1,1
100,25,24.9,1,1
100,24,24.4,1,1
100,23,23.9,1,1
100,22,22.9,1,1
100,21,22.8,1,1
100,20,23.6,1,1
100,19,23.3,1,1
100,18,21.2,1,1
100,17,21.4,1,1
100,16,18.9,1,1
100,15,18.3,1,1
100,14,17.1,1,1
100,13,16.9,1,1
100,12,12.4,1,1
100,11,12.6,1,1
100,10,10.5,1,1
100,9,9.2,1,1
100,8,8.2,1,1
100,7,8.5,1,1
100,6,7.9,1,1
100,5,5.4,1,1
100,4,5.3,1,1
100,3,4.9,1,1
100,2,5.5,1,1
100,1,4.5,1,1
100,0,3.6,1,1
